region,year,season,dt_h,O,n_acq
AKcorr_1,2016,winter,6,0.0,4
AKcorr_1,2016,winter,12,0.0,4
AKcorr_1,2016,winter,24,0.0,4
AKcorr_1,2016,winter,48,0.0,4
AKcorr_1,2016,winter,72,0.0,4
AKcorr_1,2016,winter,168,0.0,4
AKcorr_1,2016,shoulder,6,0.0,2
AKcorr_1,2016,shoulder,12,0.0,2
AKcorr_1,2016,shoulder,24,0.0,2
AKcorr_1,2016,shoulder,48,0.0,2
AKcorr_1,2016,shoulder,72,0.0,2
AKcorr_1,2016,shoulder,168,0.0,2
AKcorr_1,2016,melt,6,0.0,3
AKcorr_1,2016,melt,12,0.0,3
AKcorr_1,2016,melt,24,0.0,3
AKcorr_1,2016,melt,48,0.0163,3
AKcorr_1,2016,melt,72,0.0163,3
AKcorr_1,2016,melt,168,0.0163,3
AKcorr_1,2016,freeze-up,6,0.0,16
AKcorr_1,2016,freeze-up,12,0.0,16
AKcorr_1,2016,freeze-up,24,0.0,16
AKcorr_1,2016,freeze-up,48,0.0216,16
AKcorr_1,2016,freeze-up,72,0.077,16
AKcorr_1,2016,freeze-up,168,0.5822,16
AKcorr_1,2017,winter,6,0.0,34
AKcorr_1,2017,winter,12,0.0,34
AKcorr_1,2017,winter,24,0.0924,34
AKcorr_1,2017,winter,48,0.1653,34
AKcorr_1,2017,winter,72,0.3662,34
AKcorr_1,2017,winter,168,0.9395,34
AKcorr_1,2017,shoulder,6,0.0,22
AKcorr_1,2017,shoulder,12,0.0,22
AKcorr_1,2017,shoulder,24,0.0815,22
AKcorr_1,2017,shoulder,48,0.2456,22
AKcorr_1,2017,shoulder,72,0.3923,22
AKcorr_1,2017,shoulder,168,0.9342,22
AKcorr_1,2017,melt,6,0.0,21
AKcorr_1,2017,melt,12,0.0,21
AKcorr_1,2017,melt,24,0.0,21
AKcorr_1,2017,melt,48,0.0,21
AKcorr_1,2017,melt,72,0.0,21
AKcorr_1,2017,melt,168,0.9836,21
AKcorr_1,2017,freeze-up,6,0.0,15
AKcorr_1,2017,freeze-up,12,0.0,15
AKcorr_1,2017,freeze-up,24,0.0,15
AKcorr_1,2017,freeze-up,48,0.0,15
AKcorr_1,2017,freeze-up,72,0.0,15
AKcorr_1,2017,freeze-up,168,0.9131,15
AKcorr_1,2018,winter,6,0.0,15
AKcorr_1,2018,winter,12,0.0,15
AKcorr_1,2018,winter,24,0.0,15
AKcorr_1,2018,winter,48,0.0,15
AKcorr_1,2018,winter,72,0.0,15
AKcorr_1,2018,winter,168,0.9333,15
AKcorr_1,2018,shoulder,6,0.0,10
AKcorr_1,2018,shoulder,12,0.0,10
AKcorr_1,2018,shoulder,24,0.0,10
AKcorr_1,2018,shoulder,48,0.0,10
AKcorr_1,2018,shoulder,72,0.0,10
AKcorr_1,2018,shoulder,168,0.869,10
AKcorr_1,2018,melt,6,0.0,28
AKcorr_1,2018,melt,12,0.0,28
AKcorr_1,2018,melt,24,0.0,28
AKcorr_1,2018,melt,48,0.1304,28
AKcorr_1,2018,melt,72,0.1304,28
AKcorr_1,2018,melt,168,0.91,28
AKcorr_1,2018,freeze-up,6,0.0,22
AKcorr_1,2018,freeze-up,12,0.0,22
AKcorr_1,2018,freeze-up,24,0.0,22
AKcorr_1,2018,freeze-up,48,0.1297,22
AKcorr_1,2018,freeze-up,72,0.1297,22
AKcorr_1,2018,freeze-up,168,0.8698,22
AKcorr_1,2019,winter,6,0.0,22
AKcorr_1,2019,winter,12,0.0,22
AKcorr_1,2019,winter,24,0.0,22
AKcorr_1,2019,winter,48,0.1547,22
AKcorr_1,2019,winter,72,0.1547,22
AKcorr_1,2019,winter,168,0.9333,22
AKcorr_1,2019,shoulder,6,0.0,15
AKcorr_1,2019,shoulder,12,0.0,15
AKcorr_1,2019,shoulder,24,0.0,15
AKcorr_1,2019,shoulder,48,0.163,15
AKcorr_1,2019,shoulder,72,0.163,15
AKcorr_1,2019,shoulder,168,0.9342,15
AKcorr_1,2019,melt,6,0.0,31
AKcorr_1,2019,melt,12,0.0,31
AKcorr_1,2019,melt,24,0.0,31
AKcorr_1,2019,melt,48,0.163,31
AKcorr_1,2019,melt,72,0.163,31
AKcorr_1,2019,melt,168,0.9836,31
AKcorr_1,2019,freeze-up,6,0.0,21
AKcorr_1,2019,freeze-up,12,0.0,21
AKcorr_1,2019,freeze-up,24,0.0,21
AKcorr_1,2019,freeze-up,48,0.1513,21
AKcorr_1,2019,freeze-up,72,0.1513,21
AKcorr_1,2019,freeze-up,168,0.8042,21
AKcorr_1,2020,winter,6,0.0,25
AKcorr_1,2020,winter,12,0.0,25
AKcorr_1,2020,winter,24,0.0,25
AKcorr_1,2020,winter,48,0.1749,25
AKcorr_1,2020,winter,72,0.1749,25
AKcorr_1,2020,winter,168,0.9781,25
AKcorr_1,2020,shoulder,6,0.0,12
AKcorr_1,2020,shoulder,12,0.0,12
AKcorr_1,2020,shoulder,24,0.0,12
AKcorr_1,2020,shoulder,48,0.0652,12
AKcorr_1,2020,shoulder,72,0.0652,12
AKcorr_1,2020,shoulder,168,0.869,12
AKcorr_1,2020,melt,6,0.0,25
AKcorr_1,2020,melt,12,0.0,25
AKcorr_1,2020,melt,24,0.0,25
AKcorr_1,2020,melt,48,0.0652,25
AKcorr_1,2020,melt,72,0.0652,25
AKcorr_1,2020,melt,168,0.8279,25
AKcorr_1,2020,freeze-up,6,0.0,21
AKcorr_1,2020,freeze-up,12,0.0,21
AKcorr_1,2020,freeze-up,24,0.0,21
AKcorr_1,2020,freeze-up,48,0.1081,21
AKcorr_1,2020,freeze-up,72,0.1081,21
AKcorr_1,2020,freeze-up,168,0.8698,21
AKcorr_1,2021,winter,6,0.0,21
AKcorr_1,2021,winter,12,0.0,21
AKcorr_1,2021,winter,24,0.0,21
AKcorr_1,2021,winter,48,0.1547,21
AKcorr_1,2021,winter,72,0.1547,21
AKcorr_1,2021,winter,168,0.8556,21
AKcorr_1,2021,shoulder,6,0.0,14
AKcorr_1,2021,shoulder,12,0.0,14
AKcorr_1,2021,shoulder,24,0.0,14
AKcorr_1,2021,shoulder,48,0.0978,14
AKcorr_1,2021,shoulder,72,0.0978,14
AKcorr_1,2021,shoulder,168,0.9836,14
AKcorr_1,2021,melt,6,0.0,25
AKcorr_1,2021,melt,12,0.0,25
AKcorr_1,2021,melt,24,0.0,25
AKcorr_1,2021,melt,48,0.0489,25
AKcorr_1,2021,melt,72,0.0489,25
AKcorr_1,2021,melt,168,0.8689,25
AKcorr_1,2021,freeze-up,6,0.0,27
AKcorr_1,2021,freeze-up,12,0.0,27
AKcorr_1,2021,freeze-up,24,0.0,27
AKcorr_1,2021,freeze-up,48,0.173,27
AKcorr_1,2021,freeze-up,72,0.173,27
AKcorr_1,2021,freeze-up,168,0.9347,27
AKcorr_1,2022,winter,6,0.0,21
AKcorr_1,2022,winter,12,0.0,21
AKcorr_1,2022,winter,24,0.0,21
AKcorr_1,2022,winter,48,0.1326,21
AKcorr_1,2022,winter,72,0.1326,21
AKcorr_1,2022,winter,168,0.9333,21
AKcorr_1,2022,shoulder,6,0.0,10
AKcorr_1,2022,shoulder,12,0.0,10
AKcorr_1,2022,shoulder,24,0.0,10
AKcorr_1,2022,shoulder,48,0.0,10
AKcorr_1,2022,shoulder,72,0.0,10
AKcorr_1,2022,shoulder,168,0.869,10
AKcorr_1,2022,melt,6,0.0,20
AKcorr_1,2022,melt,12,0.0,20
AKcorr_1,2022,melt,24,0.0,20
AKcorr_1,2022,melt,48,0.0,20
AKcorr_1,2022,melt,72,0.0,20
AKcorr_1,2022,melt,168,0.9263,20
AKcorr_1,2022,freeze-up,6,0.0,15
AKcorr_1,2022,freeze-up,12,0.0,15
AKcorr_1,2022,freeze-up,24,0.0,15
AKcorr_1,2022,freeze-up,48,0.0216,15
AKcorr_1,2022,freeze-up,72,0.0216,15
AKcorr_1,2022,freeze-up,168,0.8042,15
AKcorr_1,2023,winter,6,0.0,15
AKcorr_1,2023,winter,12,0.0,15
AKcorr_1,2023,winter,24,0.0,15
AKcorr_1,2023,winter,48,0.0,15
AKcorr_1,2023,winter,72,0.0,15
AKcorr_1,2023,winter,168,0.9333,15
AKcorr_1,2023,shoulder,6,0.0,10
AKcorr_1,2023,shoulder,12,0.0,10
AKcorr_1,2023,shoulder,24,0.0,10
AKcorr_1,2023,shoulder,48,0.0,10
AKcorr_1,2023,shoulder,72,0.0,10
AKcorr_1,2023,shoulder,168,0.869,10
AKcorr_1,2023,melt,6,0.0,21
AKcorr_1,2023,melt,12,0.0,21
AKcorr_1,2023,melt,24,0.0,21
AKcorr_1,2023,melt,48,0.0,21
AKcorr_1,2023,melt,72,0.0,21
AKcorr_1,2023,melt,168,0.9836,21
AKcorr_1,2023,freeze-up,6,0.0,15
AKcorr_1,2023,freeze-up,12,0.0,15
AKcorr_1,2023,freeze-up,24,0.0,15
AKcorr_1,2023,freeze-up,48,0.0,15
AKcorr_1,2023,freeze-up,72,0.0,15
AKcorr_1,2023,freeze-up,168,0.9131,15
AKcorr_1,2024,winter,6,0.0,18
AKcorr_1,2024,winter,12,0.0,18
AKcorr_1,2024,winter,24,0.0,18
AKcorr_1,2024,winter,48,0.1311,18
AKcorr_1,2024,winter,72,0.1311,18
AKcorr_1,2024,winter,168,0.6043,18
AKcorr_1,2024,shoulder,6,0.0,12
AKcorr_1,2024,shoulder,12,0.0,12
AKcorr_1,2024,shoulder,24,0.0,12
AKcorr_1,2024,shoulder,48,0.0978,12
AKcorr_1,2024,shoulder,72,0.0978,12
AKcorr_1,2024,shoulder,168,0.7374,12
AKcorr_1,2024,melt,6,0.0,24
AKcorr_1,2024,melt,12,0.0,24
AKcorr_1,2024,melt,24,0.0,24
AKcorr_1,2024,melt,48,0.0815,24
AKcorr_1,2024,melt,72,0.0815,24
AKcorr_1,2024,melt,168,0.8032,24
AKcorr_1,2024,freeze-up,6,0.0,21
AKcorr_1,2024,freeze-up,12,0.0,21
AKcorr_1,2024,freeze-up,24,0.0,21
AKcorr_1,2024,freeze-up,48,0.1297,21
AKcorr_1,2024,freeze-up,72,0.1297,21
AKcorr_1,2024,freeze-up,168,0.8154,21
AKcorr_1,2025,winter,6,0.0,22
AKcorr_1,2025,winter,12,0.0,22
AKcorr_1,2025,winter,24,0.0,22
AKcorr_1,2025,winter,48,0.1768,22
AKcorr_1,2025,winter,72,0.1768,22
AKcorr_1,2025,winter,168,0.8442,22
AKcorr_1,2025,shoulder,6,0.0,19
AKcorr_1,2025,shoulder,12,0.0,19
AKcorr_1,2025,shoulder,24,0.0,19
AKcorr_1,2025,shoulder,48,0.1967,19
AKcorr_1,2025,shoulder,72,0.1967,19
AKcorr_1,2025,shoulder,168,0.927,19
AKcorr_1,2025,melt,6,0.0,32
AKcorr_1,2025,melt,12,0.0,32
AKcorr_1,2025,melt,24,0.0,32
AKcorr_1,2025,melt,48,0.0489,32
AKcorr_1,2025,melt,72,0.0489,32
AKcorr_1,2025,melt,168,0.9546,32
AKcorr_1,2025,freeze-up,6,0.0,30
AKcorr_1,2025,freeze-up,12,0.0,30
AKcorr_1,2025,freeze-up,24,0.0,30
AKcorr_1,2025,freeze-up,48,0.173,30
AKcorr_1,2025,freeze-up,72,0.173,30
AKcorr_1,2025,freeze-up,168,0.9675,30
AKcorr_1,2026,winter,6,0.0,27
AKcorr_1,2026,winter,12,0.0,27
AKcorr_1,2026,winter,24,0.0,27
AKcorr_1,2026,winter,48,0.1326,27
AKcorr_1,2026,winter,72,0.1326,27
AKcorr_1,2026,winter,168,0.8394,27
AKcorr_1,2026,shoulder,6,0.0,22
AKcorr_1,2026,shoulder,12,0.0,22
AKcorr_1,2026,shoulder,24,0.0365,22
AKcorr_1,2026,shoulder,48,0.265,22
AKcorr_1,2026,shoulder,72,0.265,22
AKcorr_1,2026,shoulder,168,0.5918,22
AKcorr_1,2026,melt,6,0.0,21
AKcorr_1,2026,melt,12,0.0,21
AKcorr_1,2026,melt,24,0.0,21
AKcorr_1,2026,melt,48,0.0103,21
AKcorr_1,2026,melt,72,0.0103,21
AKcorr_1,2026,melt,168,0.7789,21
AKcorr_2,2016,winter,6,0.0,6
AKcorr_2,2016,winter,12,0.0,6
AKcorr_2,2016,winter,24,0.0,6
AKcorr_2,2016,winter,48,0.0,6
AKcorr_2,2016,winter,72,0.0,6
AKcorr_2,2016,winter,168,0.0,6
AKcorr_2,2016,shoulder,6,0.0,3
AKcorr_2,2016,shoulder,12,0.0,3
AKcorr_2,2016,shoulder,24,0.0,3
AKcorr_2,2016,shoulder,48,0.0,3
AKcorr_2,2016,shoulder,72,0.0,3
AKcorr_2,2016,shoulder,168,0.0,3
AKcorr_2,2016,melt,6,0.0,3
AKcorr_2,2016,melt,12,0.0,3
AKcorr_2,2016,melt,24,0.0,3
AKcorr_2,2016,melt,48,0.0,3
AKcorr_2,2016,melt,72,0.0,3
AKcorr_2,2016,melt,168,0.0492,3
AKcorr_2,2016,freeze-up,6,0.0,14
AKcorr_2,2016,freeze-up,12,0.0,14
AKcorr_2,2016,freeze-up,24,0.0121,14
AKcorr_2,2016,freeze-up,48,0.0493,14
AKcorr_2,2016,freeze-up,72,0.077,14
AKcorr_2,2016,freeze-up,168,0.3646,14
AKcorr_2,2017,winter,6,0.0,31
AKcorr_2,2017,winter,12,0.0,31
AKcorr_2,2017,winter,24,0.0924,31
AKcorr_2,2017,winter,48,0.1476,31
AKcorr_2,2017,winter,72,0.2656,31
AKcorr_2,2017,winter,168,0.7294,31
AKcorr_2,2017,shoulder,6,0.0,20
AKcorr_2,2017,shoulder,12,0.0,20
AKcorr_2,2017,shoulder,24,0.0815,20
AKcorr_2,2017,shoulder,48,0.1467,20
AKcorr_2,2017,shoulder,72,0.2934,20
AKcorr_2,2017,shoulder,168,0.9342,20
AKcorr_2,2017,melt,6,0.0,21
AKcorr_2,2017,melt,12,0.0,21
AKcorr_2,2017,melt,24,0.0,21
AKcorr_2,2017,melt,48,0.0,21
AKcorr_2,2017,melt,72,0.0,21
AKcorr_2,2017,melt,168,0.9836,21
AKcorr_2,2017,freeze-up,6,0.0,15
AKcorr_2,2017,freeze-up,12,0.0,15
AKcorr_2,2017,freeze-up,24,0.0,15
AKcorr_2,2017,freeze-up,48,0.0,15
AKcorr_2,2017,freeze-up,72,0.0,15
AKcorr_2,2017,freeze-up,168,0.9131,15
AKcorr_2,2018,winter,6,0.0,15
AKcorr_2,2018,winter,12,0.0,15
AKcorr_2,2018,winter,24,0.0,15
AKcorr_2,2018,winter,48,0.0,15
AKcorr_2,2018,winter,72,0.0,15
AKcorr_2,2018,winter,168,0.9333,15
AKcorr_2,2018,shoulder,6,0.0,10
AKcorr_2,2018,shoulder,12,0.0,10
AKcorr_2,2018,shoulder,24,0.0,10
AKcorr_2,2018,shoulder,48,0.0,10
AKcorr_2,2018,shoulder,72,0.0,10
AKcorr_2,2018,shoulder,168,0.869,10
AKcorr_2,2018,melt,6,0.0,28
AKcorr_2,2018,melt,12,0.0,28
AKcorr_2,2018,melt,24,0.0,28
AKcorr_2,2018,melt,48,0.1304,28
AKcorr_2,2018,melt,72,0.1304,28
AKcorr_2,2018,melt,168,0.91,28
AKcorr_2,2018,freeze-up,6,0.0,22
AKcorr_2,2018,freeze-up,12,0.0,22
AKcorr_2,2018,freeze-up,24,0.0,22
AKcorr_2,2018,freeze-up,48,0.1297,22
AKcorr_2,2018,freeze-up,72,0.1297,22
AKcorr_2,2018,freeze-up,168,0.8698,22
AKcorr_2,2019,winter,6,0.0,22
AKcorr_2,2019,winter,12,0.0,22
AKcorr_2,2019,winter,24,0.0,22
AKcorr_2,2019,winter,48,0.1547,22
AKcorr_2,2019,winter,72,0.1547,22
AKcorr_2,2019,winter,168,0.9333,22
AKcorr_2,2019,shoulder,6,0.0,15
AKcorr_2,2019,shoulder,12,0.0,15
AKcorr_2,2019,shoulder,24,0.0,15
AKcorr_2,2019,shoulder,48,0.163,15
AKcorr_2,2019,shoulder,72,0.163,15
AKcorr_2,2019,shoulder,168,0.9342,15
AKcorr_2,2019,melt,6,0.0,31
AKcorr_2,2019,melt,12,0.0,31
AKcorr_2,2019,melt,24,0.0,31
AKcorr_2,2019,melt,48,0.163,31
AKcorr_2,2019,melt,72,0.163,31
AKcorr_2,2019,melt,168,0.9836,31
AKcorr_2,2019,freeze-up,6,0.0,22
AKcorr_2,2019,freeze-up,12,0.0,22
AKcorr_2,2019,freeze-up,24,0.0,22
AKcorr_2,2019,freeze-up,48,0.1513,22
AKcorr_2,2019,freeze-up,72,0.1513,22
AKcorr_2,2019,freeze-up,168,0.9131,22
AKcorr_2,2020,winter,6,0.0,23
AKcorr_2,2020,winter,12,0.0,23
AKcorr_2,2020,winter,24,0.0,23
AKcorr_2,2020,winter,48,0.1748,23
AKcorr_2,2020,winter,72,0.1748,23
AKcorr_2,2020,winter,168,0.8681,23
AKcorr_2,2020,shoulder,6,0.0,12
AKcorr_2,2020,shoulder,12,0.0,12
AKcorr_2,2020,shoulder,24,0.0,12
AKcorr_2,2020,shoulder,48,0.0652,12
AKcorr_2,2020,shoulder,72,0.0652,12
AKcorr_2,2020,shoulder,168,0.869,12
AKcorr_2,2020,melt,6,0.0,22
AKcorr_2,2020,melt,12,0.0,22
AKcorr_2,2020,melt,24,0.0,22
AKcorr_2,2020,melt,48,0.0652,22
AKcorr_2,2020,melt,72,0.0652,22
AKcorr_2,2020,melt,168,0.7459,22
AKcorr_2,2020,freeze-up,6,0.0,21
AKcorr_2,2020,freeze-up,12,0.0,21
AKcorr_2,2020,freeze-up,24,0.0,21
AKcorr_2,2020,freeze-up,48,0.1081,21
AKcorr_2,2020,freeze-up,72,0.1081,21
AKcorr_2,2020,freeze-up,168,0.8698,21
AKcorr_2,2021,winter,6,0.0,21
AKcorr_2,2021,winter,12,0.0,21
AKcorr_2,2021,winter,24,0.0,21
AKcorr_2,2021,winter,48,0.1547,21
AKcorr_2,2021,winter,72,0.1547,21
AKcorr_2,2021,winter,168,0.8556,21
AKcorr_2,2021,shoulder,6,0.0,14
AKcorr_2,2021,shoulder,12,0.0,14
AKcorr_2,2021,shoulder,24,0.0,14
AKcorr_2,2021,shoulder,48,0.0978,14
AKcorr_2,2021,shoulder,72,0.0978,14
AKcorr_2,2021,shoulder,168,0.9836,14
AKcorr_2,2021,melt,6,0.0,23
AKcorr_2,2021,melt,12,0.0,23
AKcorr_2,2021,melt,24,0.0,23
AKcorr_2,2021,melt,48,0.0489,23
AKcorr_2,2021,melt,72,0.0489,23
AKcorr_2,2021,melt,168,0.8689,23
AKcorr_2,2021,freeze-up,6,0.0,23
AKcorr_2,2021,freeze-up,12,0.0,23
AKcorr_2,2021,freeze-up,24,0.0,23
AKcorr_2,2021,freeze-up,48,0.1729,23
AKcorr_2,2021,freeze-up,72,0.1729,23
AKcorr_2,2021,freeze-up,168,0.9347,23
AKcorr_2,2022,winter,6,0.0,21
AKcorr_2,2022,winter,12,0.0,21
AKcorr_2,2022,winter,24,0.0,21
AKcorr_2,2022,winter,48,0.1326,21
AKcorr_2,2022,winter,72,0.1326,21
AKcorr_2,2022,winter,168,0.9333,21
AKcorr_2,2022,shoulder,6,0.0,10
AKcorr_2,2022,shoulder,12,0.0,10
AKcorr_2,2022,shoulder,24,0.0,10
AKcorr_2,2022,shoulder,48,0.0,10
AKcorr_2,2022,shoulder,72,0.0,10
AKcorr_2,2022,shoulder,168,0.869,10
AKcorr_2,2022,melt,6,0.0,20
AKcorr_2,2022,melt,12,0.0,20
AKcorr_2,2022,melt,24,0.0,20
AKcorr_2,2022,melt,48,0.0,20
AKcorr_2,2022,melt,72,0.0,20
AKcorr_2,2022,melt,168,0.9263,20
AKcorr_2,2022,freeze-up,6,0.0,15
AKcorr_2,2022,freeze-up,12,0.0,15
AKcorr_2,2022,freeze-up,24,0.0,15
AKcorr_2,2022,freeze-up,48,0.0216,15
AKcorr_2,2022,freeze-up,72,0.0216,15
AKcorr_2,2022,freeze-up,168,0.8042,15
AKcorr_2,2023,winter,6,0.0,15
AKcorr_2,2023,winter,12,0.0,15
AKcorr_2,2023,winter,24,0.0,15
AKcorr_2,2023,winter,48,0.0,15
AKcorr_2,2023,winter,72,0.0,15
AKcorr_2,2023,winter,168,0.9333,15
AKcorr_2,2023,shoulder,6,0.0,10
AKcorr_2,2023,shoulder,12,0.0,10
AKcorr_2,2023,shoulder,24,0.0,10
AKcorr_2,2023,shoulder,48,0.0,10
AKcorr_2,2023,shoulder,72,0.0,10
AKcorr_2,2023,shoulder,168,0.869,10
AKcorr_2,2023,melt,6,0.0,21
AKcorr_2,2023,melt,12,0.0,21
AKcorr_2,2023,melt,24,0.0,21
AKcorr_2,2023,melt,48,0.0,21
AKcorr_2,2023,melt,72,0.0,21
AKcorr_2,2023,melt,168,0.9836,21
AKcorr_2,2023,freeze-up,6,0.0,15
AKcorr_2,2023,freeze-up,12,0.0,15
AKcorr_2,2023,freeze-up,24,0.0,15
AKcorr_2,2023,freeze-up,48,0.0,15
AKcorr_2,2023,freeze-up,72,0.0,15
AKcorr_2,2023,freeze-up,168,0.9131,15
AKcorr_2,2024,winter,6,0.0,19
AKcorr_2,2024,winter,12,0.0,19
AKcorr_2,2024,winter,24,0.0,19
AKcorr_2,2024,winter,48,0.153,19
AKcorr_2,2024,winter,72,0.153,19
AKcorr_2,2024,winter,168,0.6043,19
AKcorr_2,2024,shoulder,6,0.0,12
AKcorr_2,2024,shoulder,12,0.0,12
AKcorr_2,2024,shoulder,24,0.0,12
AKcorr_2,2024,shoulder,48,0.0978,12
AKcorr_2,2024,shoulder,72,0.0978,12
AKcorr_2,2024,shoulder,168,0.7374,12
AKcorr_2,2024,melt,6,0.0,24
AKcorr_2,2024,melt,12,0.0,24
AKcorr_2,2024,melt,24,0.0,24
AKcorr_2,2024,melt,48,0.0815,24
AKcorr_2,2024,melt,72,0.0815,24
AKcorr_2,2024,melt,168,0.8032,24
AKcorr_2,2024,freeze-up,6,0.0,21
AKcorr_2,2024,freeze-up,12,0.0,21
AKcorr_2,2024,freeze-up,24,0.0,21
AKcorr_2,2024,freeze-up,48,0.1297,21
AKcorr_2,2024,freeze-up,72,0.1297,21
AKcorr_2,2024,freeze-up,168,0.8154,21
AKcorr_2,2025,winter,6,0.0,22
AKcorr_2,2025,winter,12,0.0,22
AKcorr_2,2025,winter,24,0.0,22
AKcorr_2,2025,winter,48,0.1768,22
AKcorr_2,2025,winter,72,0.1768,22
AKcorr_2,2025,winter,168,0.8442,22
AKcorr_2,2025,shoulder,6,0.0,17
AKcorr_2,2025,shoulder,12,0.0,17
AKcorr_2,2025,shoulder,24,0.0,17
AKcorr_2,2025,shoulder,48,0.0978,17
AKcorr_2,2025,shoulder,72,0.0978,17
AKcorr_2,2025,shoulder,168,0.927,17
AKcorr_2,2025,melt,6,0.0,32
AKcorr_2,2025,melt,12,0.0,32
AKcorr_2,2025,melt,24,0.0,32
AKcorr_2,2025,melt,48,0.0489,32
AKcorr_2,2025,melt,72,0.0489,32
AKcorr_2,2025,melt,168,0.9546,32
AKcorr_2,2025,freeze-up,6,0.0,30
AKcorr_2,2025,freeze-up,12,0.0,30
AKcorr_2,2025,freeze-up,24,0.0,30
AKcorr_2,2025,freeze-up,48,0.1729,30
AKcorr_2,2025,freeze-up,72,0.1729,30
AKcorr_2,2025,freeze-up,168,0.9675,30
AKcorr_2,2026,winter,6,0.0,27
AKcorr_2,2026,winter,12,0.0,27
AKcorr_2,2026,winter,24,0.0,27
AKcorr_2,2026,winter,48,0.1326,27
AKcorr_2,2026,winter,72,0.1326,27
AKcorr_2,2026,winter,168,0.8393,27
AKcorr_2,2026,shoulder,6,0.0,22
AKcorr_2,2026,shoulder,12,0.0,22
AKcorr_2,2026,shoulder,24,0.0365,22
AKcorr_2,2026,shoulder,48,0.2649,22
AKcorr_2,2026,shoulder,72,0.2649,22
AKcorr_2,2026,shoulder,168,0.5918,22
AKcorr_2,2026,melt,6,0.0,21
AKcorr_2,2026,melt,12,0.0,21
AKcorr_2,2026,melt,24,0.0,21
AKcorr_2,2026,melt,48,0.0103,21
AKcorr_2,2026,melt,72,0.0103,21
AKcorr_2,2026,melt,168,0.7789,21
AKcorr_3,2016,winter,6,0.0,6
AKcorr_3,2016,winter,12,0.0,6
AKcorr_3,2016,winter,24,0.0,6
AKcorr_3,2016,winter,48,0.0,6
AKcorr_3,2016,winter,72,0.0,6
AKcorr_3,2016,winter,168,0.0,6
AKcorr_3,2016,shoulder,6,0.0,3
AKcorr_3,2016,shoulder,12,0.0,3
AKcorr_3,2016,shoulder,24,0.0,3
AKcorr_3,2016,shoulder,48,0.0,3
AKcorr_3,2016,shoulder,72,0.0,3
AKcorr_3,2016,shoulder,168,0.0,3
AKcorr_3,2016,melt,6,0.0,4
AKcorr_3,2016,melt,12,0.0,4
AKcorr_3,2016,melt,24,0.0,4
AKcorr_3,2016,melt,48,0.0,4
AKcorr_3,2016,melt,72,0.0,4
AKcorr_3,2016,melt,168,0.0492,4
AKcorr_3,2016,freeze-up,6,0.0,24
AKcorr_3,2016,freeze-up,12,0.0,24
AKcorr_3,2016,freeze-up,24,0.0182,24
AKcorr_3,2016,freeze-up,48,0.1202,24
AKcorr_3,2016,freeze-up,72,0.2567,24
AKcorr_3,2016,freeze-up,168,0.5883,24
AKcorr_3,2017,winter,6,0.0,46
AKcorr_3,2017,winter,12,0.0243,46
AKcorr_3,2017,winter,24,0.1366,46
AKcorr_3,2017,winter,48,0.2519,46
AKcorr_3,2017,winter,72,0.5252,46
AKcorr_3,2017,winter,168,0.9395,46
AKcorr_3,2017,shoulder,6,0.0,39
AKcorr_3,2017,shoulder,12,0.0143,39
AKcorr_3,2017,shoulder,24,0.3658,39
AKcorr_3,2017,shoulder,48,0.5125,39
AKcorr_3,2017,shoulder,72,0.6783,39
AKcorr_3,2017,shoulder,168,0.9342,39
AKcorr_3,2017,melt,6,0.0,40
AKcorr_3,2017,melt,12,0.0,40
AKcorr_3,2017,melt,24,0.0,40
AKcorr_3,2017,melt,48,0.2775,40
AKcorr_3,2017,melt,72,0.2775,40
AKcorr_3,2017,melt,168,0.9836,40
AKcorr_3,2017,freeze-up,6,0.0,30
AKcorr_3,2017,freeze-up,12,0.0,30
AKcorr_3,2017,freeze-up,24,0.0,30
AKcorr_3,2017,freeze-up,48,0.2694,30
AKcorr_3,2017,freeze-up,72,0.2694,30
AKcorr_3,2017,freeze-up,168,0.9675,30
AKcorr_3,2018,winter,6,0.0,27
AKcorr_3,2018,winter,12,0.0,27
AKcorr_3,2018,winter,24,0.0,27
AKcorr_3,2018,winter,48,0.2409,27
AKcorr_3,2018,winter,72,0.2409,27
AKcorr_3,2018,winter,168,0.9554,27
AKcorr_3,2018,shoulder,6,0.0,21
AKcorr_3,2018,shoulder,12,0.0,21
AKcorr_3,2018,shoulder,24,0.0,21
AKcorr_3,2018,shoulder,48,0.3443,21
AKcorr_3,2018,shoulder,72,0.3443,21
AKcorr_3,2018,shoulder,168,0.9016,21
AKcorr_3,2018,melt,6,0.0,42
AKcorr_3,2018,melt,12,0.0,42
AKcorr_3,2018,melt,24,0.0,42
AKcorr_3,2018,melt,48,0.3316,42
AKcorr_3,2018,melt,72,0.3316,42
AKcorr_3,2018,melt,168,0.9553,42
AKcorr_3,2018,freeze-up,6,0.0,31
AKcorr_3,2018,freeze-up,12,0.0,31
AKcorr_3,2018,freeze-up,24,0.0,31
AKcorr_3,2018,freeze-up,48,0.2931,31
AKcorr_3,2018,freeze-up,72,0.2931,31
AKcorr_3,2018,freeze-up,168,0.9675,31
AKcorr_3,2019,winter,6,0.0,32
AKcorr_3,2019,winter,12,0.0,32
AKcorr_3,2019,winter,24,0.0,32
AKcorr_3,2019,winter,48,0.3611,32
AKcorr_3,2019,winter,72,0.3611,32
AKcorr_3,2019,winter,168,0.9333,32
AKcorr_3,2019,shoulder,6,0.0,22
AKcorr_3,2019,shoulder,12,0.0,22
AKcorr_3,2019,shoulder,24,0.0,22
AKcorr_3,2019,shoulder,48,0.3697,22
AKcorr_3,2019,shoulder,72,0.3697,22
AKcorr_3,2019,shoulder,168,0.9342,22
AKcorr_3,2019,melt,6,0.0,49
AKcorr_3,2019,melt,12,0.0,49
AKcorr_3,2019,melt,24,0.0815,49
AKcorr_3,2019,melt,48,0.3632,49
AKcorr_3,2019,melt,72,0.3798,49
AKcorr_3,2019,melt,168,0.9836,49
AKcorr_3,2019,freeze-up,6,0.0,43
AKcorr_3,2019,freeze-up,12,0.0,43
AKcorr_3,2019,freeze-up,24,0.1513,43
AKcorr_3,2019,freeze-up,48,0.4086,43
AKcorr_3,2019,freeze-up,72,0.4086,43
AKcorr_3,2019,freeze-up,168,0.9722,43
AKcorr_3,2020,winter,6,0.0,41
AKcorr_3,2020,winter,12,0.0,41
AKcorr_3,2020,winter,24,0.1639,41
AKcorr_3,2020,winter,48,0.3728,41
AKcorr_3,2020,winter,72,0.3728,41
AKcorr_3,2020,winter,168,0.989,41
AKcorr_3,2020,shoulder,6,0.0,26
AKcorr_3,2020,shoulder,12,0.0072,26
AKcorr_3,2020,shoulder,24,0.0724,26
AKcorr_3,2020,shoulder,48,0.3697,26
AKcorr_3,2020,shoulder,72,0.3697,26
AKcorr_3,2020,shoulder,168,0.9836,26
AKcorr_3,2020,melt,6,0.0,40
AKcorr_3,2020,melt,12,0.0,40
AKcorr_3,2020,melt,24,0.0815,40
AKcorr_3,2020,melt,48,0.2409,40
AKcorr_3,2020,melt,72,0.2409,40
AKcorr_3,2020,melt,168,0.9426,40
AKcorr_3,2020,freeze-up,6,0.0,39
AKcorr_3,2020,freeze-up,12,0.0048,39
AKcorr_3,2020,freeze-up,24,0.1128,39
AKcorr_3,2020,freeze-up,48,0.3269,39
AKcorr_3,2020,freeze-up,72,0.3593,39
AKcorr_3,2020,freeze-up,168,0.9843,39
AKcorr_3,2021,winter,6,0.0,40
AKcorr_3,2021,winter,12,0.0,40
AKcorr_3,2021,winter,24,0.1657,40
AKcorr_3,2021,winter,48,0.377,40
AKcorr_3,2021,winter,72,0.377,40
AKcorr_3,2021,winter,168,0.9444,40
AKcorr_3,2021,shoulder,6,0.0,25
AKcorr_3,2021,shoulder,12,0.0,25
AKcorr_3,2021,shoulder,24,0.0978,25
AKcorr_3,2021,shoulder,48,0.3371,25
AKcorr_3,2021,shoulder,72,0.3371,25
AKcorr_3,2021,shoulder,168,0.9836,25
AKcorr_3,2021,melt,6,0.0,48
AKcorr_3,2021,melt,12,0.0,48
AKcorr_3,2021,melt,24,0.0734,48
AKcorr_3,2021,melt,48,0.3309,48
AKcorr_3,2021,melt,72,0.3554,48
AKcorr_3,2021,melt,168,0.9426,48
AKcorr_3,2021,freeze-up,6,0.0,45
AKcorr_3,2021,freeze-up,12,0.0,45
AKcorr_3,2021,freeze-up,24,0.1513,45
AKcorr_3,2021,freeze-up,48,0.4639,45
AKcorr_3,2021,freeze-up,72,0.4639,45
AKcorr_3,2021,freeze-up,168,0.9563,45
AKcorr_3,2022,winter,6,0.0,28
AKcorr_3,2022,winter,12,0.0,28
AKcorr_3,2022,winter,24,0.0,28
AKcorr_3,2022,winter,48,0.2873,28
AKcorr_3,2022,winter,72,0.2873,28
AKcorr_3,2022,winter,168,0.9333,28
AKcorr_3,2022,shoulder,6,0.0,15
AKcorr_3,2022,shoulder,12,0.0,15
AKcorr_3,2022,shoulder,24,0.0,15
AKcorr_3,2022,shoulder,48,0.1304,15
AKcorr_3,2022,shoulder,72,0.1304,15
AKcorr_3,2022,shoulder,168,0.951,15
AKcorr_3,2022,melt,6,0.0,31
AKcorr_3,2022,melt,12,0.0,31
AKcorr_3,2022,melt,24,0.0,31
AKcorr_3,2022,melt,48,0.163,31
AKcorr_3,2022,melt,72,0.163,31
AKcorr_3,2022,melt,168,0.9836,31
AKcorr_3,2022,freeze-up,6,0.0,22
AKcorr_3,2022,freeze-up,12,0.0,22
AKcorr_3,2022,freeze-up,24,0.0,22
AKcorr_3,2022,freeze-up,48,0.1729,22
AKcorr_3,2022,freeze-up,72,0.1729,22
AKcorr_3,2022,freeze-up,168,0.8258,22
AKcorr_3,2023,winter,6,0.0,27
AKcorr_3,2023,winter,12,0.0,27
AKcorr_3,2023,winter,24,0.0,27
AKcorr_3,2023,winter,48,0.2652,27
AKcorr_3,2023,winter,72,0.2652,27
AKcorr_3,2023,winter,168,0.9554,27
AKcorr_3,2023,shoulder,6,0.0,18
AKcorr_3,2023,shoulder,12,0.0,18
AKcorr_3,2023,shoulder,24,0.0,18
AKcorr_3,2023,shoulder,48,0.2608,18
AKcorr_3,2023,shoulder,72,0.2608,18
AKcorr_3,2023,shoulder,168,0.9016,18
AKcorr_3,2023,melt,6,0.0,34
AKcorr_3,2023,melt,12,0.0,34
AKcorr_3,2023,melt,24,0.0,34
AKcorr_3,2023,melt,48,0.2119,34
AKcorr_3,2023,melt,72,0.2119,34
AKcorr_3,2023,melt,168,0.9836,34
AKcorr_3,2023,freeze-up,6,0.0,30
AKcorr_3,2023,freeze-up,12,0.0,30
AKcorr_3,2023,freeze-up,24,0.0,30
AKcorr_3,2023,freeze-up,48,0.3243,30
AKcorr_3,2023,freeze-up,72,0.3243,30
AKcorr_3,2023,freeze-up,168,0.9347,30
AKcorr_3,2024,winter,6,0.0,25
AKcorr_3,2024,winter,12,0.0,25
AKcorr_3,2024,winter,24,0.0,25
AKcorr_3,2024,winter,48,0.2623,25
AKcorr_3,2024,winter,72,0.2623,25
AKcorr_3,2024,winter,168,0.7031,25
AKcorr_3,2024,shoulder,6,0.0,17
AKcorr_3,2024,shoulder,12,0.0,17
AKcorr_3,2024,shoulder,24,0.0,17
AKcorr_3,2024,shoulder,48,0.2608,17
AKcorr_3,2024,shoulder,72,0.2608,17
AKcorr_3,2024,shoulder,168,0.77,17
AKcorr_3,2024,melt,6,0.0,32
AKcorr_3,2024,melt,12,0.0,32
AKcorr_3,2024,melt,24,0.0,32
AKcorr_3,2024,melt,48,0.2119,32
AKcorr_3,2024,melt,72,0.2119,32
AKcorr_3,2024,melt,168,0.8358,32
AKcorr_3,2024,freeze-up,6,0.0,27
AKcorr_3,2024,freeze-up,12,0.0,27
AKcorr_3,2024,freeze-up,24,0.0,27
AKcorr_3,2024,freeze-up,48,0.2162,27
AKcorr_3,2024,freeze-up,72,0.2162,27
AKcorr_3,2024,freeze-up,168,0.9675,27
AKcorr_3,2025,winter,6,0.0,30
AKcorr_3,2025,winter,12,0.0,30
AKcorr_3,2025,winter,24,0.0,30
AKcorr_3,2025,winter,48,0.3536,30
AKcorr_3,2025,winter,72,0.3536,30
AKcorr_3,2025,winter,168,0.8884,30
AKcorr_3,2025,shoulder,6,0.0,26
AKcorr_3,2025,shoulder,12,0.0,26
AKcorr_3,2025,shoulder,24,0.0,26
AKcorr_3,2025,shoulder,48,0.5324,26
AKcorr_3,2025,shoulder,72,0.5324,26
AKcorr_3,2025,shoulder,168,0.9596,26
AKcorr_3,2025,melt,6,0.0,63
AKcorr_3,2025,melt,12,0.0,63
AKcorr_3,2025,melt,24,0.0916,63
AKcorr_3,2025,melt,48,0.6018,63
AKcorr_3,2025,melt,72,0.6385,63
AKcorr_3,2025,melt,168,0.9836,63
AKcorr_3,2025,freeze-up,6,0.0,59
AKcorr_3,2025,freeze-up,12,0.0,59
AKcorr_3,2025,freeze-up,24,0.2032,59
AKcorr_3,2025,freeze-up,48,0.7048,59
AKcorr_3,2025,freeze-up,72,0.7267,59
AKcorr_3,2025,freeze-up,168,0.9891,59
AKcorr_3,2026,winter,6,0.0,55
AKcorr_3,2026,winter,12,0.0,55
AKcorr_3,2026,winter,24,0.1759,55
AKcorr_3,2026,winter,48,0.6603,55
AKcorr_3,2026,winter,72,0.6877,55
AKcorr_3,2026,winter,168,0.9554,55
AKcorr_3,2026,shoulder,6,0.0001,47
AKcorr_3,2026,shoulder,12,0.0575,47
AKcorr_3,2026,shoulder,24,0.2392,47
AKcorr_3,2026,shoulder,48,0.6205,47
AKcorr_3,2026,shoulder,72,0.6205,47
AKcorr_3,2026,shoulder,168,0.9251,47
AKcorr_3,2026,melt,6,0.0,31
AKcorr_3,2026,melt,12,0.0046,31
AKcorr_3,2026,melt,24,0.0103,31
AKcorr_3,2026,melt,48,0.2703,31
AKcorr_3,2026,melt,72,0.2957,31
AKcorr_3,2026,melt,168,0.8248,31
AKcorr_4,2016,winter,6,0.0,7
AKcorr_4,2016,winter,12,0.0,7
AKcorr_4,2016,winter,24,0.0,7
AKcorr_4,2016,winter,48,0.0,7
AKcorr_4,2016,winter,72,0.0,7
AKcorr_4,2016,winter,168,0.0,7
AKcorr_4,2016,shoulder,6,0.0,4
AKcorr_4,2016,shoulder,12,0.0,4
AKcorr_4,2016,shoulder,24,0.0,4
AKcorr_4,2016,shoulder,48,0.0,4
AKcorr_4,2016,shoulder,72,0.0,4
AKcorr_4,2016,shoulder,168,0.0,4
AKcorr_4,2016,melt,6,0.0,6
AKcorr_4,2016,melt,12,0.0,6
AKcorr_4,2016,melt,24,0.0,6
AKcorr_4,2016,melt,48,0.0,6
AKcorr_4,2016,melt,72,0.0,6
AKcorr_4,2016,melt,168,0.0492,6
AKcorr_4,2016,freeze-up,6,0.0,31
AKcorr_4,2016,freeze-up,12,0.0,31
AKcorr_4,2016,freeze-up,24,0.0181,31
AKcorr_4,2016,freeze-up,48,0.2257,31
AKcorr_4,2016,freeze-up,72,0.3622,31
AKcorr_4,2016,freeze-up,168,0.7343,31
AKcorr_4,2017,winter,6,0.0,52
AKcorr_4,2017,winter,12,0.0292,52
AKcorr_4,2017,winter,24,0.1635,52
AKcorr_4,2017,winter,48,0.3266,52
AKcorr_4,2017,winter,72,0.6285,52
AKcorr_4,2017,winter,168,0.9395,52
AKcorr_4,2017,shoulder,6,0.0,39
AKcorr_4,2017,shoulder,12,0.0144,39
AKcorr_4,2017,shoulder,24,0.3658,39
AKcorr_4,2017,shoulder,48,0.5126,39
AKcorr_4,2017,shoulder,72,0.6783,39
AKcorr_4,2017,shoulder,168,0.9342,39
AKcorr_4,2017,melt,6,0.0,40
AKcorr_4,2017,melt,12,0.0,40
AKcorr_4,2017,melt,24,0.0,40
AKcorr_4,2017,melt,48,0.2774,40
AKcorr_4,2017,melt,72,0.2774,40
AKcorr_4,2017,melt,168,0.9836,40
AKcorr_4,2017,freeze-up,6,0.0,29
AKcorr_4,2017,freeze-up,12,0.0,29
AKcorr_4,2017,freeze-up,24,0.0,29
AKcorr_4,2017,freeze-up,48,0.2525,29
AKcorr_4,2017,freeze-up,72,0.2525,29
AKcorr_4,2017,freeze-up,168,0.9675,29
AKcorr_4,2018,winter,6,0.0,27
AKcorr_4,2018,winter,12,0.0,27
AKcorr_4,2018,winter,24,0.0,27
AKcorr_4,2018,winter,48,0.2409,27
AKcorr_4,2018,winter,72,0.2409,27
AKcorr_4,2018,winter,168,0.9554,27
AKcorr_4,2018,shoulder,6,0.0,21
AKcorr_4,2018,shoulder,12,0.0,21
AKcorr_4,2018,shoulder,24,0.0,21
AKcorr_4,2018,shoulder,48,0.3443,21
AKcorr_4,2018,shoulder,72,0.3443,21
AKcorr_4,2018,shoulder,168,0.9016,21
AKcorr_4,2018,melt,6,0.0,42
AKcorr_4,2018,melt,12,0.0,42
AKcorr_4,2018,melt,24,0.0,42
AKcorr_4,2018,melt,48,0.3316,42
AKcorr_4,2018,melt,72,0.3316,42
AKcorr_4,2018,melt,168,0.9553,42
AKcorr_4,2018,freeze-up,6,0.0,31
AKcorr_4,2018,freeze-up,12,0.0,31
AKcorr_4,2018,freeze-up,24,0.0,31
AKcorr_4,2018,freeze-up,48,0.2931,31
AKcorr_4,2018,freeze-up,72,0.2931,31
AKcorr_4,2018,freeze-up,168,0.9675,31
AKcorr_4,2019,winter,6,0.0,32
AKcorr_4,2019,winter,12,0.0,32
AKcorr_4,2019,winter,24,0.0,32
AKcorr_4,2019,winter,48,0.3611,32
AKcorr_4,2019,winter,72,0.3611,32
AKcorr_4,2019,winter,168,0.9333,32
AKcorr_4,2019,shoulder,6,0.0,22
AKcorr_4,2019,shoulder,12,0.0,22
AKcorr_4,2019,shoulder,24,0.0,22
AKcorr_4,2019,shoulder,48,0.3697,22
AKcorr_4,2019,shoulder,72,0.3697,22
AKcorr_4,2019,shoulder,168,0.9342,22
AKcorr_4,2019,melt,6,0.0,49
AKcorr_4,2019,melt,12,0.0,49
AKcorr_4,2019,melt,24,0.0815,49
AKcorr_4,2019,melt,48,0.3632,49
AKcorr_4,2019,melt,72,0.3798,49
AKcorr_4,2019,melt,168,0.9836,49
AKcorr_4,2019,freeze-up,6,0.0,45
AKcorr_4,2019,freeze-up,12,0.0048,45
AKcorr_4,2019,freeze-up,24,0.1898,45
AKcorr_4,2019,freeze-up,48,0.4086,45
AKcorr_4,2019,freeze-up,72,0.4086,45
AKcorr_4,2019,freeze-up,168,0.885,45
AKcorr_4,2020,winter,6,0.0,41
AKcorr_4,2020,winter,12,0.0,41
AKcorr_4,2020,winter,24,0.1639,41
AKcorr_4,2020,winter,48,0.3728,41
AKcorr_4,2020,winter,72,0.3728,41
AKcorr_4,2020,winter,168,0.989,41
AKcorr_4,2020,shoulder,6,0.0,26
AKcorr_4,2020,shoulder,12,0.0072,26
AKcorr_4,2020,shoulder,24,0.0724,26
AKcorr_4,2020,shoulder,48,0.3697,26
AKcorr_4,2020,shoulder,72,0.3697,26
AKcorr_4,2020,shoulder,168,0.9836,26
AKcorr_4,2020,melt,6,0.0,40
AKcorr_4,2020,melt,12,0.0,40
AKcorr_4,2020,melt,24,0.0815,40
AKcorr_4,2020,melt,48,0.2409,40
AKcorr_4,2020,melt,72,0.2409,40
AKcorr_4,2020,melt,168,0.9426,40
AKcorr_4,2020,freeze-up,6,0.0,39
AKcorr_4,2020,freeze-up,12,0.0048,39
AKcorr_4,2020,freeze-up,24,0.1129,39
AKcorr_4,2020,freeze-up,48,0.3269,39
AKcorr_4,2020,freeze-up,72,0.3593,39
AKcorr_4,2020,freeze-up,168,0.9843,39
AKcorr_4,2021,winter,6,0.0,40
AKcorr_4,2021,winter,12,0.0,40
AKcorr_4,2021,winter,24,0.1658,40
AKcorr_4,2021,winter,48,0.377,40
AKcorr_4,2021,winter,72,0.377,40
AKcorr_4,2021,winter,168,0.9444,40
AKcorr_4,2021,shoulder,6,0.0,25
AKcorr_4,2021,shoulder,12,0.0,25
AKcorr_4,2021,shoulder,24,0.0978,25
AKcorr_4,2021,shoulder,48,0.3371,25
AKcorr_4,2021,shoulder,72,0.3371,25
AKcorr_4,2021,shoulder,168,0.9836,25
AKcorr_4,2021,melt,6,0.0,48
AKcorr_4,2021,melt,12,0.0,48
AKcorr_4,2021,melt,24,0.0734,48
AKcorr_4,2021,melt,48,0.3309,48
AKcorr_4,2021,melt,72,0.3554,48
AKcorr_4,2021,melt,168,0.9426,48
AKcorr_4,2021,freeze-up,6,0.0,45
AKcorr_4,2021,freeze-up,12,0.0,45
AKcorr_4,2021,freeze-up,24,0.1513,45
AKcorr_4,2021,freeze-up,48,0.4639,45
AKcorr_4,2021,freeze-up,72,0.4639,45
AKcorr_4,2021,freeze-up,168,0.9563,45
AKcorr_4,2022,winter,6,0.0,28
AKcorr_4,2022,winter,12,0.0,28
AKcorr_4,2022,winter,24,0.0,28
AKcorr_4,2022,winter,48,0.2873,28
AKcorr_4,2022,winter,72,0.2873,28
AKcorr_4,2022,winter,168,0.9333,28
AKcorr_4,2022,shoulder,6,0.0,15
AKcorr_4,2022,shoulder,12,0.0,15
AKcorr_4,2022,shoulder,24,0.0,15
AKcorr_4,2022,shoulder,48,0.1304,15
AKcorr_4,2022,shoulder,72,0.1304,15
AKcorr_4,2022,shoulder,168,0.951,15
AKcorr_4,2022,melt,6,0.0,31
AKcorr_4,2022,melt,12,0.0,31
AKcorr_4,2022,melt,24,0.0,31
AKcorr_4,2022,melt,48,0.163,31
AKcorr_4,2022,melt,72,0.163,31
AKcorr_4,2022,melt,168,0.9836,31
AKcorr_4,2022,freeze-up,6,0.0,22
AKcorr_4,2022,freeze-up,12,0.0,22
AKcorr_4,2022,freeze-up,24,0.0,22
AKcorr_4,2022,freeze-up,48,0.173,22
AKcorr_4,2022,freeze-up,72,0.173,22
AKcorr_4,2022,freeze-up,168,0.8259,22
AKcorr_4,2023,winter,6,0.0,27
AKcorr_4,2023,winter,12,0.0,27
AKcorr_4,2023,winter,24,0.0,27
AKcorr_4,2023,winter,48,0.2652,27
AKcorr_4,2023,winter,72,0.2652,27
AKcorr_4,2023,winter,168,0.9554,27
AKcorr_4,2023,shoulder,6,0.0,18
AKcorr_4,2023,shoulder,12,0.0,18
AKcorr_4,2023,shoulder,24,0.0,18
AKcorr_4,2023,shoulder,48,0.2608,18
AKcorr_4,2023,shoulder,72,0.2608,18
AKcorr_4,2023,shoulder,168,0.9016,18
AKcorr_4,2023,melt,6,0.0,34
AKcorr_4,2023,melt,12,0.0,34
AKcorr_4,2023,melt,24,0.0,34
AKcorr_4,2023,melt,48,0.2119,34
AKcorr_4,2023,melt,72,0.2119,34
AKcorr_4,2023,melt,168,0.9836,34
AKcorr_4,2023,freeze-up,6,0.0,30
AKcorr_4,2023,freeze-up,12,0.0,30
AKcorr_4,2023,freeze-up,24,0.0,30
AKcorr_4,2023,freeze-up,48,0.3243,30
AKcorr_4,2023,freeze-up,72,0.3243,30
AKcorr_4,2023,freeze-up,168,0.9347,30
AKcorr_4,2024,winter,6,0.0,25
AKcorr_4,2024,winter,12,0.0,25
AKcorr_4,2024,winter,24,0.0,25
AKcorr_4,2024,winter,48,0.2623,25
AKcorr_4,2024,winter,72,0.2623,25
AKcorr_4,2024,winter,168,0.7031,25
AKcorr_4,2024,shoulder,6,0.0,17
AKcorr_4,2024,shoulder,12,0.0,17
AKcorr_4,2024,shoulder,24,0.0,17
AKcorr_4,2024,shoulder,48,0.2608,17
AKcorr_4,2024,shoulder,72,0.2608,17
AKcorr_4,2024,shoulder,168,0.77,17
AKcorr_4,2024,melt,6,0.0,32
AKcorr_4,2024,melt,12,0.0,32
AKcorr_4,2024,melt,24,0.0,32
AKcorr_4,2024,melt,48,0.2119,32
AKcorr_4,2024,melt,72,0.2119,32
AKcorr_4,2024,melt,168,0.8358,32
AKcorr_4,2024,freeze-up,6,0.0,27
AKcorr_4,2024,freeze-up,12,0.0,27
AKcorr_4,2024,freeze-up,24,0.0,27
AKcorr_4,2024,freeze-up,48,0.2162,27
AKcorr_4,2024,freeze-up,72,0.2162,27
AKcorr_4,2024,freeze-up,168,0.9675,27
AKcorr_4,2025,winter,6,0.0,32
AKcorr_4,2025,winter,12,0.0049,32
AKcorr_4,2025,winter,24,0.0049,32
AKcorr_4,2025,winter,48,0.3536,32
AKcorr_4,2025,winter,72,0.3536,32
AKcorr_4,2025,winter,168,0.9775,32
AKcorr_4,2025,shoulder,6,0.0,23
AKcorr_4,2025,shoulder,12,0.0072,23
AKcorr_4,2025,shoulder,24,0.0072,23
AKcorr_4,2025,shoulder,48,0.3626,23
AKcorr_4,2025,shoulder,72,0.3626,23
AKcorr_4,2025,shoulder,168,0.927,23
AKcorr_4,2025,melt,6,0.0,54
AKcorr_4,2025,melt,12,0.0,54
AKcorr_4,2025,melt,24,0.0734,54
AKcorr_4,2025,melt,48,0.4059,54
AKcorr_4,2025,melt,72,0.4722,54
AKcorr_4,2025,melt,168,0.9836,54
AKcorr_4,2025,freeze-up,6,0.0,54
AKcorr_4,2025,freeze-up,12,0.0,54
AKcorr_4,2025,freeze-up,24,0.173,54
AKcorr_4,2025,freeze-up,48,0.5729,54
AKcorr_4,2025,freeze-up,72,0.7267,54
AKcorr_4,2025,freeze-up,168,0.9891,54
AKcorr_4,2026,winter,6,0.0,47
AKcorr_4,2026,winter,12,0.0,47
AKcorr_4,2026,winter,24,0.1326,47
AKcorr_4,2026,winter,48,0.4972,47
AKcorr_4,2026,winter,72,0.6096,47
AKcorr_4,2026,winter,168,0.9493,47
AKcorr_4,2026,shoulder,6,0.0001,38
AKcorr_4,2026,shoulder,12,0.0284,38
AKcorr_4,2026,shoulder,24,0.128,38
AKcorr_4,2026,shoulder,48,0.4551,38
AKcorr_4,2026,shoulder,72,0.6205,38
AKcorr_4,2026,shoulder,168,0.9251,38
AKcorr_4,2026,melt,6,0.0,22
AKcorr_4,2026,melt,12,0.0,22
AKcorr_4,2026,melt,24,0.0,22
AKcorr_4,2026,melt,48,0.0959,22
AKcorr_4,2026,melt,72,0.121,22
AKcorr_4,2026,melt,168,0.8043,22
AKcorr_5,2016,winter,6,0.0,7
AKcorr_5,2016,winter,12,0.0,7
AKcorr_5,2016,winter,24,0.0,7
AKcorr_5,2016,winter,48,0.0,7
AKcorr_5,2016,winter,72,0.0,7
AKcorr_5,2016,winter,168,0.0,7
AKcorr_5,2016,shoulder,6,0.0,4
AKcorr_5,2016,shoulder,12,0.0,4
AKcorr_5,2016,shoulder,24,0.0,4
AKcorr_5,2016,shoulder,48,0.0,4
AKcorr_5,2016,shoulder,72,0.0,4
AKcorr_5,2016,shoulder,168,0.0,4
AKcorr_5,2016,melt,6,0.0,5
AKcorr_5,2016,melt,12,0.0,5
AKcorr_5,2016,melt,24,0.0,5
AKcorr_5,2016,melt,48,0.0,5
AKcorr_5,2016,melt,72,0.0,5
AKcorr_5,2016,melt,168,0.0492,5
AKcorr_5,2016,freeze-up,6,0.0,31
AKcorr_5,2016,freeze-up,12,0.0,31
AKcorr_5,2016,freeze-up,24,0.0363,31
AKcorr_5,2016,freeze-up,48,0.345,31
AKcorr_5,2016,freeze-up,72,0.345,31
AKcorr_5,2016,freeze-up,168,0.5582,31
AKcorr_5,2017,winter,6,0.0,48
AKcorr_5,2017,winter,12,0.0146,48
AKcorr_5,2017,winter,24,0.1577,48
AKcorr_5,2017,winter,48,0.4592,48
AKcorr_5,2017,winter,72,0.4592,48
AKcorr_5,2017,winter,168,0.8953,48
AKcorr_5,2017,shoulder,6,0.0,37
AKcorr_5,2017,shoulder,12,0.0,37
AKcorr_5,2017,shoulder,24,0.3097,37
AKcorr_5,2017,shoulder,48,0.5087,37
AKcorr_5,2017,shoulder,72,0.575,37
AKcorr_5,2017,shoulder,168,0.9668,37
AKcorr_5,2017,melt,6,0.0,10
AKcorr_5,2017,melt,12,0.0,10
AKcorr_5,2017,melt,24,0.0,10
AKcorr_5,2017,melt,48,0.0,10
AKcorr_5,2017,melt,72,0.0,10
AKcorr_5,2017,melt,168,0.0,10
AKcorr_5,2017,freeze-up,6,0.0,11
AKcorr_5,2017,freeze-up,12,0.0,11
AKcorr_5,2017,freeze-up,24,0.0,11
AKcorr_5,2017,freeze-up,48,0.0,11
AKcorr_5,2017,freeze-up,72,0.0,11
AKcorr_5,2017,freeze-up,168,0.1368,11
AKcorr_5,2018,winter,6,0.0,16
AKcorr_5,2018,winter,12,0.0,16
AKcorr_5,2018,winter,24,0.0,16
AKcorr_5,2018,winter,48,0.0,16
AKcorr_5,2018,winter,72,0.0,16
AKcorr_5,2018,winter,168,0.2682,16
AKcorr_5,2018,shoulder,6,0.0,5
AKcorr_5,2018,shoulder,12,0.0,5
AKcorr_5,2018,shoulder,24,0.0,5
AKcorr_5,2018,shoulder,48,0.0,5
AKcorr_5,2018,shoulder,72,0.0,5
AKcorr_5,2018,shoulder,168,0.0,5
AKcorr_5,2018,melt,6,0.0,10
AKcorr_5,2018,melt,12,0.0,10
AKcorr_5,2018,melt,24,0.0,10
AKcorr_5,2018,melt,48,0.0,10
AKcorr_5,2018,melt,72,0.0,10
AKcorr_5,2018,melt,168,0.0247,10
AKcorr_5,2018,freeze-up,6,0.0,10
AKcorr_5,2018,freeze-up,12,0.0,10
AKcorr_5,2018,freeze-up,24,0.0,10
AKcorr_5,2018,freeze-up,48,0.0648,10
AKcorr_5,2018,freeze-up,72,0.0648,10
AKcorr_5,2018,freeze-up,168,0.0648,10
AKcorr_5,2019,winter,6,0.0,9
AKcorr_5,2019,winter,12,0.0,9
AKcorr_5,2019,winter,24,0.0,9
AKcorr_5,2019,winter,48,0.0663,9
AKcorr_5,2019,winter,72,0.0663,9
AKcorr_5,2019,winter,168,0.0663,9
AKcorr_5,2019,shoulder,6,0.0,3
AKcorr_5,2019,shoulder,12,0.0,3
AKcorr_5,2019,shoulder,24,0.0,3
AKcorr_5,2019,shoulder,48,0.0,3
AKcorr_5,2019,shoulder,72,0.0,3
AKcorr_5,2019,shoulder,168,0.0,3
AKcorr_5,2019,melt,6,0.0,14
AKcorr_5,2019,melt,12,0.0,14
AKcorr_5,2019,melt,24,0.0407,14
AKcorr_5,2019,melt,48,0.0407,14
AKcorr_5,2019,melt,72,0.0407,14
AKcorr_5,2019,melt,168,0.3934,14
AKcorr_5,2019,freeze-up,6,0.0,29
AKcorr_5,2019,freeze-up,12,0.0048,29
AKcorr_5,2019,freeze-up,24,0.0925,29
AKcorr_5,2019,freeze-up,48,0.1789,29
AKcorr_5,2019,freeze-up,72,0.1789,29
AKcorr_5,2019,freeze-up,168,0.9239,29
AKcorr_5,2020,winter,6,0.0,27
AKcorr_5,2020,winter,12,0.0,27
AKcorr_5,2020,winter,24,0.0874,27
AKcorr_5,2020,winter,48,0.1529,27
AKcorr_5,2020,winter,72,0.1529,27
AKcorr_5,2020,winter,168,0.989,27
AKcorr_5,2020,shoulder,6,0.0,6
AKcorr_5,2020,shoulder,12,0.0,6
AKcorr_5,2020,shoulder,24,0.0326,6
AKcorr_5,2020,shoulder,48,0.0326,6
AKcorr_5,2020,shoulder,72,0.0326,6
AKcorr_5,2020,shoulder,168,0.213,6
AKcorr_5,2020,melt,6,0.0,16
AKcorr_5,2020,melt,12,0.0,16
AKcorr_5,2020,melt,24,0.0407,16
AKcorr_5,2020,melt,48,0.0407,16
AKcorr_5,2020,melt,72,0.0407,16
AKcorr_5,2020,melt,168,0.2299,16
AKcorr_5,2020,freeze-up,6,0.0,22
AKcorr_5,2020,freeze-up,12,0.0,22
AKcorr_5,2020,freeze-up,24,0.0432,22
AKcorr_5,2020,freeze-up,48,0.0544,22
AKcorr_5,2020,freeze-up,72,0.0868,22
AKcorr_5,2020,freeze-up,168,0.414,22
AKcorr_5,2021,winter,6,0.0,25
AKcorr_5,2021,winter,12,0.0,25
AKcorr_5,2021,winter,24,0.0773,25
AKcorr_5,2021,winter,48,0.1443,25
AKcorr_5,2021,winter,72,0.1443,25
AKcorr_5,2021,winter,168,0.4007,25
AKcorr_5,2021,shoulder,6,0.0,9
AKcorr_5,2021,shoulder,12,0.0,9
AKcorr_5,2021,shoulder,24,0.0489,9
AKcorr_5,2021,shoulder,48,0.0489,9
AKcorr_5,2021,shoulder,72,0.0489,9
AKcorr_5,2021,shoulder,168,0.1972,9
AKcorr_5,2021,melt,6,0.0,14
AKcorr_5,2021,melt,12,0.0,14
AKcorr_5,2021,melt,24,0.0326,14
AKcorr_5,2021,melt,48,0.0326,14
AKcorr_5,2021,melt,72,0.0326,14
AKcorr_5,2021,melt,168,0.1396,14
AKcorr_5,2021,freeze-up,6,0.0,22
AKcorr_5,2021,freeze-up,12,0.0,22
AKcorr_5,2021,freeze-up,24,0.0756,22
AKcorr_5,2021,freeze-up,48,0.1412,22
AKcorr_5,2021,freeze-up,72,0.1412,22
AKcorr_5,2021,freeze-up,168,0.2396,22
AKcorr_5,2022,winter,6,0.0,13
AKcorr_5,2022,winter,12,0.0,13
AKcorr_5,2022,winter,24,0.0,13
AKcorr_5,2022,winter,48,0.0335,13
AKcorr_5,2022,winter,72,0.0335,13
AKcorr_5,2022,winter,168,0.1341,13
AKcorr_5,2022,shoulder,6,0.0,3
AKcorr_5,2022,shoulder,12,0.0,3
AKcorr_5,2022,shoulder,24,0.0,3
AKcorr_5,2022,shoulder,48,0.0,3
AKcorr_5,2022,shoulder,72,0.0,3
AKcorr_5,2022,shoulder,168,0.0,3
AKcorr_5,2022,melt,6,0.0,9
AKcorr_5,2022,melt,12,0.0,9
AKcorr_5,2022,melt,24,0.0,9
AKcorr_5,2022,melt,48,0.0,9
AKcorr_5,2022,melt,72,0.0,9
AKcorr_5,2022,melt,168,0.0989,9
AKcorr_5,2022,freeze-up,6,0.0,14
AKcorr_5,2022,freeze-up,12,0.0,14
AKcorr_5,2022,freeze-up,24,0.0,14
AKcorr_5,2022,freeze-up,48,0.0,14
AKcorr_5,2022,freeze-up,72,0.0,14
AKcorr_5,2022,freeze-up,168,0.1968,14
AKcorr_5,2023,winter,6,0.0,15
AKcorr_5,2023,winter,12,0.0,15
AKcorr_5,2023,winter,24,0.0,15
AKcorr_5,2023,winter,48,0.0,15
AKcorr_5,2023,winter,72,0.0,15
AKcorr_5,2023,winter,168,0.2347,15
AKcorr_5,2023,shoulder,6,0.0,6
AKcorr_5,2023,shoulder,12,0.0,6
AKcorr_5,2023,shoulder,24,0.0,6
AKcorr_5,2023,shoulder,48,0.0,6
AKcorr_5,2023,shoulder,72,0.0,6
AKcorr_5,2023,shoulder,168,0.1484,6
AKcorr_5,2023,melt,6,0.0,10
AKcorr_5,2023,melt,12,0.0,10
AKcorr_5,2023,melt,24,0.0,10
AKcorr_5,2023,melt,48,0.0326,10
AKcorr_5,2023,melt,72,0.0326,10
AKcorr_5,2023,melt,168,0.1889,10
AKcorr_5,2023,freeze-up,6,0.0,16
AKcorr_5,2023,freeze-up,12,0.0,16
AKcorr_5,2023,freeze-up,24,0.0,16
AKcorr_5,2023,freeze-up,48,0.0328,16
AKcorr_5,2023,freeze-up,72,0.0328,16
AKcorr_5,2023,freeze-up,168,0.2296,16
AKcorr_5,2024,winter,6,0.0,17
AKcorr_5,2024,winter,12,0.0,17
AKcorr_5,2024,winter,24,0.0,17
AKcorr_5,2024,winter,48,0.1206,17
AKcorr_5,2024,winter,72,0.1206,17
AKcorr_5,2024,winter,168,0.4838,17
AKcorr_5,2024,shoulder,6,0.0,3
AKcorr_5,2024,shoulder,12,0.0,3
AKcorr_5,2024,shoulder,24,0.0,3
AKcorr_5,2024,shoulder,48,0.0,3
AKcorr_5,2024,shoulder,72,0.0,3
AKcorr_5,2024,shoulder,168,0.0,3
AKcorr_5,2024,melt,6,0.0,10
AKcorr_5,2024,melt,12,0.0,10
AKcorr_5,2024,melt,24,0.0,10
AKcorr_5,2024,melt,48,0.0,10
AKcorr_5,2024,melt,72,0.0,10
AKcorr_5,2024,melt,168,0.1236,10
AKcorr_5,2024,freeze-up,6,0.0,14
AKcorr_5,2024,freeze-up,12,0.0,14
AKcorr_5,2024,freeze-up,24,0.0,14
AKcorr_5,2024,freeze-up,48,0.0,14
AKcorr_5,2024,freeze-up,72,0.0,14
AKcorr_5,2024,freeze-up,168,0.1968,14
AKcorr_5,2025,winter,6,0.0,11
AKcorr_5,2025,winter,12,0.0,11
AKcorr_5,2025,winter,24,0.0,11
AKcorr_5,2025,winter,48,0.0221,11
AKcorr_5,2025,winter,72,0.0221,11
AKcorr_5,2025,winter,168,0.1275,11
AKcorr_5,2025,shoulder,6,0.0,11
AKcorr_5,2025,shoulder,12,0.0,11
AKcorr_5,2025,shoulder,24,0.0,11
AKcorr_5,2025,shoulder,48,0.0835,11
AKcorr_5,2025,shoulder,72,0.0835,11
AKcorr_5,2025,shoulder,168,0.4683,11
AKcorr_5,2025,melt,6,0.0,19
AKcorr_5,2025,melt,12,0.0,19
AKcorr_5,2025,melt,24,0.0326,19
AKcorr_5,2025,melt,48,0.0707,19
AKcorr_5,2025,melt,72,0.0707,19
AKcorr_5,2025,melt,168,0.4016,19
AKcorr_5,2025,freeze-up,6,0.0,43
AKcorr_5,2025,freeze-up,12,0.0381,43
AKcorr_5,2025,freeze-up,24,0.1245,43
AKcorr_5,2025,freeze-up,48,0.2593,43
AKcorr_5,2025,freeze-up,72,0.3566,43
AKcorr_5,2025,freeze-up,168,0.9783,43
AKcorr_5,2026,winter,6,0.0,38
AKcorr_5,2026,winter,12,0.0389,38
AKcorr_5,2026,winter,24,0.1052,38
AKcorr_5,2026,winter,48,0.2421,38
AKcorr_5,2026,winter,72,0.3084,38
AKcorr_5,2026,winter,168,0.9382,38
AKcorr_5,2026,shoulder,6,0.0,31
AKcorr_5,2026,shoulder,12,0.0215,31
AKcorr_5,2026,shoulder,24,0.0975,31
AKcorr_5,2026,shoulder,48,0.3126,31
AKcorr_5,2026,shoulder,72,0.3615,31
AKcorr_5,2026,shoulder,168,0.9836,31
AKcorr_5,2026,melt,6,0.0,29
AKcorr_5,2026,melt,12,0.0271,29
AKcorr_5,2026,melt,24,0.0385,29
AKcorr_5,2026,melt,48,0.1344,29
AKcorr_5,2026,melt,72,0.1344,29
AKcorr_5,2026,melt,168,0.7332,29
AKcorr_6,2016,winter,6,0.0,12
AKcorr_6,2016,winter,12,0.0,12
AKcorr_6,2016,winter,24,0.0,12
AKcorr_6,2016,winter,48,0.0,12
AKcorr_6,2016,winter,72,0.0,12
AKcorr_6,2016,winter,168,0.1748,12
AKcorr_6,2016,shoulder,6,0.0,6
AKcorr_6,2016,shoulder,12,0.0,6
AKcorr_6,2016,shoulder,24,0.0,6
AKcorr_6,2016,shoulder,48,0.0,6
AKcorr_6,2016,shoulder,72,0.0,6
AKcorr_6,2016,shoulder,168,0.0652,6
AKcorr_6,2016,melt,6,0.0,6
AKcorr_6,2016,melt,12,0.0,6
AKcorr_6,2016,melt,24,0.0,6
AKcorr_6,2016,melt,48,0.0,6
AKcorr_6,2016,melt,72,0.0,6
AKcorr_6,2016,melt,168,0.0492,6
AKcorr_6,2016,freeze-up,6,0.0,31
AKcorr_6,2016,freeze-up,12,0.0,31
AKcorr_6,2016,freeze-up,24,0.0363,31
AKcorr_6,2016,freeze-up,48,0.2257,31
AKcorr_6,2016,freeze-up,72,0.2257,31
AKcorr_6,2016,freeze-up,168,0.7982,31
AKcorr_6,2017,winter,6,0.0,51
AKcorr_6,2017,winter,12,0.0292,51
AKcorr_6,2017,winter,24,0.2015,51
AKcorr_6,2017,winter,48,0.3861,51
AKcorr_6,2017,winter,72,0.4148,51
AKcorr_6,2017,winter,168,0.9841,51
AKcorr_6,2017,shoulder,6,0.0,28
AKcorr_6,2017,shoulder,12,0.0359,28
AKcorr_6,2017,shoulder,24,0.1663,28
AKcorr_6,2017,shoulder,48,0.2967,28
AKcorr_6,2017,shoulder,72,0.4725,28
AKcorr_6,2017,shoulder,168,0.9413,28
AKcorr_6,2017,melt,6,0.0,22
AKcorr_6,2017,melt,12,0.0287,22
AKcorr_6,2017,melt,24,0.0287,22
AKcorr_6,2017,melt,48,0.0287,22
AKcorr_6,2017,melt,72,0.0287,22
AKcorr_6,2017,melt,168,0.3541,22
AKcorr_6,2017,freeze-up,6,0.0,14
AKcorr_6,2017,freeze-up,12,0.0191,14
AKcorr_6,2017,freeze-up,24,0.0191,14
AKcorr_6,2017,freeze-up,48,0.0191,14
AKcorr_6,2017,freeze-up,72,0.0751,14
AKcorr_6,2017,freeze-up,168,0.1079,14
AKcorr_6,2018,winter,6,0.0,21
AKcorr_6,2018,winter,12,0.0243,21
AKcorr_6,2018,winter,24,0.0243,21
AKcorr_6,2018,winter,48,0.0243,21
AKcorr_6,2018,winter,72,0.1676,21
AKcorr_6,2018,winter,168,0.2682,21
AKcorr_6,2018,shoulder,6,0.0,8
AKcorr_6,2018,shoulder,12,0.0215,8
AKcorr_6,2018,shoulder,24,0.0215,8
AKcorr_6,2018,shoulder,48,0.0215,8
AKcorr_6,2018,shoulder,72,0.0215,8
AKcorr_6,2018,shoulder,168,0.0215,8
AKcorr_6,2018,melt,6,0.0,11
AKcorr_6,2018,melt,12,0.0036,11
AKcorr_6,2018,melt,24,0.0036,11
AKcorr_6,2018,melt,48,0.0036,11
AKcorr_6,2018,melt,72,0.0036,11
AKcorr_6,2018,melt,168,0.0283,11
AKcorr_6,2018,freeze-up,6,0.0,15
AKcorr_6,2018,freeze-up,12,0.0143,15
AKcorr_6,2018,freeze-up,24,0.0143,15
AKcorr_6,2018,freeze-up,48,0.0143,15
AKcorr_6,2018,freeze-up,72,0.0984,15
AKcorr_6,2018,freeze-up,168,0.1312,15
AKcorr_6,2019,winter,6,0.0,16
AKcorr_6,2019,winter,12,0.0195,16
AKcorr_6,2019,winter,24,0.0195,16
AKcorr_6,2019,winter,48,0.0195,16
AKcorr_6,2019,winter,72,0.1054,16
AKcorr_6,2019,winter,168,0.1725,16
AKcorr_6,2019,shoulder,6,0.0,9
AKcorr_6,2019,shoulder,12,0.0216,9
AKcorr_6,2019,shoulder,24,0.0216,9
AKcorr_6,2019,shoulder,48,0.0216,9
AKcorr_6,2019,shoulder,72,0.1484,9
AKcorr_6,2019,shoulder,168,0.1484,9
AKcorr_6,2019,melt,6,0.0,23
AKcorr_6,2019,melt,12,0.018,23
AKcorr_6,2019,melt,24,0.0506,23
AKcorr_6,2019,melt,48,0.1321,23
AKcorr_6,2019,melt,72,0.2166,23
AKcorr_6,2019,melt,168,0.4133,23
AKcorr_6,2019,freeze-up,6,0.0,35
AKcorr_6,2019,freeze-up,12,0.0334,35
AKcorr_6,2019,freeze-up,24,0.109,35
AKcorr_6,2019,freeze-up,48,0.2387,35
AKcorr_6,2019,freeze-up,72,0.4349,35
AKcorr_6,2019,freeze-up,168,0.837,35
AKcorr_6,2020,winter,6,0.0,39
AKcorr_6,2020,winter,12,0.0337,39
AKcorr_6,2020,winter,24,0.1211,39
AKcorr_6,2020,winter,48,0.2959,39
AKcorr_6,2020,winter,72,0.4943,39
AKcorr_6,2020,winter,168,0.989,39
AKcorr_6,2020,shoulder,6,0.0,10
AKcorr_6,2020,shoulder,12,0.0072,10
AKcorr_6,2020,shoulder,24,0.0398,10
AKcorr_6,2020,shoulder,48,0.0398,10
AKcorr_6,2020,shoulder,72,0.0821,10
AKcorr_6,2020,shoulder,168,0.181,10
AKcorr_6,2020,melt,6,0.0,24
AKcorr_6,2020,melt,12,0.0144,24
AKcorr_6,2020,melt,24,0.0551,24
AKcorr_6,2020,melt,48,0.0551,24
AKcorr_6,2020,melt,72,0.1397,24
AKcorr_6,2020,melt,168,0.1644,24
AKcorr_6,2020,freeze-up,6,0.0,26
AKcorr_6,2020,freeze-up,12,0.0286,26
AKcorr_6,2020,freeze-up,24,0.0718,26
AKcorr_6,2020,freeze-up,48,0.0718,26
AKcorr_6,2020,freeze-up,72,0.2119,26
AKcorr_6,2020,freeze-up,168,0.3272,26
AKcorr_6,2021,winter,6,0.0,28
AKcorr_6,2021,winter,12,0.0292,28
AKcorr_6,2021,winter,24,0.1065,28
AKcorr_6,2021,winter,48,0.1065,28
AKcorr_6,2021,winter,72,0.2784,28
AKcorr_6,2021,winter,168,0.312,28
AKcorr_6,2021,shoulder,6,0.0,14
AKcorr_6,2021,shoulder,12,0.0215,14
AKcorr_6,2021,shoulder,24,0.0704,14
AKcorr_6,2021,shoulder,48,0.0704,14
AKcorr_6,2021,shoulder,72,0.1973,14
AKcorr_6,2021,shoulder,168,0.1973,14
AKcorr_6,2021,melt,6,0.0,22
AKcorr_6,2021,melt,12,0.0108,22
AKcorr_6,2021,melt,24,0.0434,22
AKcorr_6,2021,melt,48,0.0434,22
AKcorr_6,2021,melt,72,0.1068,22
AKcorr_6,2021,melt,168,0.1608,22
AKcorr_6,2021,freeze-up,6,0.0,26
AKcorr_6,2021,freeze-up,12,0.019,26
AKcorr_6,2021,freeze-up,24,0.0947,26
AKcorr_6,2021,freeze-up,48,0.0947,26
AKcorr_6,2021,freeze-up,72,0.2629,26
AKcorr_6,2021,freeze-up,168,0.2957,26
AKcorr_6,2022,winter,6,0.0,12
AKcorr_6,2022,winter,12,0.0,12
AKcorr_6,2022,winter,24,0.0,12
AKcorr_6,2022,winter,48,0.0,12
AKcorr_6,2022,winter,72,0.0,12
AKcorr_6,2022,winter,168,0.1341,12
AKcorr_6,2022,shoulder,6,0.0,3
AKcorr_6,2022,shoulder,12,0.0,3
AKcorr_6,2022,shoulder,24,0.0,3
AKcorr_6,2022,shoulder,48,0.0,3
AKcorr_6,2022,shoulder,72,0.0,3
AKcorr_6,2022,shoulder,168,0.0,3
AKcorr_6,2022,melt,6,0.0,9
AKcorr_6,2022,melt,12,0.0,9
AKcorr_6,2022,melt,24,0.0,9
AKcorr_6,2022,melt,48,0.0,9
AKcorr_6,2022,melt,72,0.0,9
AKcorr_6,2022,melt,168,0.0989,9
AKcorr_6,2022,freeze-up,6,0.0,14
AKcorr_6,2022,freeze-up,12,0.0,14
AKcorr_6,2022,freeze-up,24,0.0,14
AKcorr_6,2022,freeze-up,48,0.0,14
AKcorr_6,2022,freeze-up,72,0.0,14
AKcorr_6,2022,freeze-up,168,0.1967,14
AKcorr_6,2023,winter,6,0.0,15
AKcorr_6,2023,winter,12,0.0,15
AKcorr_6,2023,winter,24,0.0,15
AKcorr_6,2023,winter,48,0.0,15
AKcorr_6,2023,winter,72,0.0,15
AKcorr_6,2023,winter,168,0.2346,15
AKcorr_6,2023,shoulder,6,0.0,6
AKcorr_6,2023,shoulder,12,0.0,6
AKcorr_6,2023,shoulder,24,0.0,6
AKcorr_6,2023,shoulder,48,0.0,6
AKcorr_6,2023,shoulder,72,0.0,6
AKcorr_6,2023,shoulder,168,0.1484,6
AKcorr_6,2023,melt,6,0.0,10
AKcorr_6,2023,melt,12,0.0,10
AKcorr_6,2023,melt,24,0.0,10
AKcorr_6,2023,melt,48,0.0326,10
AKcorr_6,2023,melt,72,0.0326,10
AKcorr_6,2023,melt,168,0.1888,10
AKcorr_6,2023,freeze-up,6,0.0,15
AKcorr_6,2023,freeze-up,12,0.0,15
AKcorr_6,2023,freeze-up,24,0.0,15
AKcorr_6,2023,freeze-up,48,0.0,15
AKcorr_6,2023,freeze-up,72,0.0,15
AKcorr_6,2023,freeze-up,168,0.2295,15
AKcorr_6,2024,winter,6,0.0,16
AKcorr_6,2024,winter,12,0.0,16
AKcorr_6,2024,winter,24,0.0,16
AKcorr_6,2024,winter,48,0.0874,16
AKcorr_6,2024,winter,72,0.0874,16
AKcorr_6,2024,winter,168,0.4838,16
AKcorr_6,2024,shoulder,6,0.0,3
AKcorr_6,2024,shoulder,12,0.0,3
AKcorr_6,2024,shoulder,24,0.0,3
AKcorr_6,2024,shoulder,48,0.0,3
AKcorr_6,2024,shoulder,72,0.0,3
AKcorr_6,2024,shoulder,168,0.0,3
AKcorr_6,2024,melt,6,0.0,10
AKcorr_6,2024,melt,12,0.0,10
AKcorr_6,2024,melt,24,0.0,10
AKcorr_6,2024,melt,48,0.0,10
AKcorr_6,2024,melt,72,0.0,10
AKcorr_6,2024,melt,168,0.1236,10
AKcorr_6,2024,freeze-up,6,0.0,14
AKcorr_6,2024,freeze-up,12,0.0,14
AKcorr_6,2024,freeze-up,24,0.0,14
AKcorr_6,2024,freeze-up,48,0.0,14
AKcorr_6,2024,freeze-up,72,0.0,14
AKcorr_6,2024,freeze-up,168,0.1967,14
AKcorr_6,2025,winter,6,0.0,10
AKcorr_6,2025,winter,12,0.0,10
AKcorr_6,2025,winter,24,0.0,10
AKcorr_6,2025,winter,48,0.0,10
AKcorr_6,2025,winter,72,0.0,10
AKcorr_6,2025,winter,168,0.1275,10
AKcorr_6,2025,shoulder,6,0.0,15
AKcorr_6,2025,shoulder,12,0.0215,15
AKcorr_6,2025,shoulder,24,0.0215,15
AKcorr_6,2025,shoulder,48,0.1376,15
AKcorr_6,2025,shoulder,72,0.1799,15
AKcorr_6,2025,shoulder,168,0.5335,15
AKcorr_6,2025,melt,6,0.0,31
AKcorr_6,2025,melt,12,0.0144,31
AKcorr_6,2025,melt,24,0.0469,31
AKcorr_6,2025,melt,48,0.1584,31
AKcorr_6,2025,melt,72,0.243,31
AKcorr_6,2025,melt,168,0.4834,31
AKcorr_6,2025,freeze-up,6,0.0,48
AKcorr_6,2025,freeze-up,12,0.0762,48
AKcorr_6,2025,freeze-up,24,0.1626,48
AKcorr_6,2025,freeze-up,48,0.2975,48
AKcorr_6,2025,freeze-up,72,0.5217,48
AKcorr_6,2025,freeze-up,168,0.9783,48
AKcorr_6,2026,winter,6,0.0,40
AKcorr_6,2026,winter,12,0.0584,40
AKcorr_6,2026,winter,24,0.1247,40
AKcorr_6,2026,winter,48,0.2502,40
AKcorr_6,2026,winter,72,0.3648,40
AKcorr_6,2026,winter,168,0.9382,40
AKcorr_6,2026,shoulder,6,0.0,28
AKcorr_6,2026,shoulder,12,0.0215,28
AKcorr_6,2026,shoulder,24,0.0975,28
AKcorr_6,2026,shoulder,48,0.2851,28
AKcorr_6,2026,shoulder,72,0.3697,28
AKcorr_6,2026,shoulder,168,0.9836,28
AKcorr_6,2026,melt,6,0.0,28
AKcorr_6,2026,melt,12,0.0,28
AKcorr_6,2026,melt,24,0.0216,28
AKcorr_6,2026,melt,48,0.2126,28
AKcorr_6,2026,melt,72,0.2126,28
AKcorr_6,2026,melt,168,0.7909,28
BaffinBay,2016,winter,6,0.0,88
BaffinBay,2016,winter,12,0.0801,88
BaffinBay,2016,winter,24,0.2066,88
BaffinBay,2016,winter,48,0.9066,88
BaffinBay,2016,winter,72,0.9336,88
BaffinBay,2016,winter,168,0.9668,88
BaffinBay,2016,shoulder,6,0.0,73
BaffinBay,2016,shoulder,12,0.1062,73
BaffinBay,2016,shoulder,24,0.3065,73
BaffinBay,2016,shoulder,48,0.9408,73
BaffinBay,2016,shoulder,72,0.9408,73
BaffinBay,2016,shoulder,168,0.9903,73
BaffinBay,2016,melt,6,0.0003,123
BaffinBay,2016,melt,12,0.0736,123
BaffinBay,2016,melt,24,0.2528,123
BaffinBay,2016,melt,48,0.8533,123
BaffinBay,2016,melt,72,0.8937,123
BaffinBay,2016,melt,168,0.992,123
BaffinBay,2016,freeze-up,6,0.0078,151
BaffinBay,2016,freeze-up,12,0.2203,151
BaffinBay,2016,freeze-up,24,0.7092,151
BaffinBay,2016,freeze-up,48,0.9675,151
BaffinBay,2016,freeze-up,72,0.9895,151
BaffinBay,2016,freeze-up,168,0.9895,151
BaffinBay,2017,winter,6,0.0038,109
BaffinBay,2017,winter,12,0.1415,109
BaffinBay,2017,winter,24,0.5411,109
BaffinBay,2017,winter,48,0.8777,109
BaffinBay,2017,winter,72,0.9333,109
BaffinBay,2017,winter,168,0.973,109
BaffinBay,2017,shoulder,6,0.0023,54
BaffinBay,2017,shoulder,12,0.0023,54
BaffinBay,2017,shoulder,24,0.5716,54
BaffinBay,2017,shoulder,48,0.7548,54
BaffinBay,2017,shoulder,72,0.9836,54
BaffinBay,2017,shoulder,168,0.9836,54
BaffinBay,2017,melt,6,0.0,95
BaffinBay,2017,melt,12,0.0,95
BaffinBay,2017,melt,24,0.4727,95
BaffinBay,2017,melt,48,0.8178,95
BaffinBay,2017,melt,72,0.9836,95
BaffinBay,2017,melt,168,0.9836,95
BaffinBay,2017,freeze-up,6,0.0,79
BaffinBay,2017,freeze-up,12,0.0323,79
BaffinBay,2017,freeze-up,24,0.4491,79
BaffinBay,2017,freeze-up,48,0.8351,79
BaffinBay,2017,freeze-up,72,0.9891,79
BaffinBay,2017,freeze-up,168,0.9891,79
BaffinBay,2018,winter,6,0.0,84
BaffinBay,2018,winter,12,0.0559,84
BaffinBay,2018,winter,24,0.56,84
BaffinBay,2018,winter,48,0.7464,84
BaffinBay,2018,winter,72,0.9779,84
BaffinBay,2018,winter,168,0.9779,84
BaffinBay,2018,shoulder,6,0.0,46
BaffinBay,2018,shoulder,12,0.0066,46
BaffinBay,2018,shoulder,24,0.4075,46
BaffinBay,2018,shoulder,48,0.7852,46
BaffinBay,2018,shoulder,72,0.951,46
BaffinBay,2018,shoulder,168,0.951,46
BaffinBay,2018,melt,6,0.0,87
BaffinBay,2018,melt,12,0.0213,87
BaffinBay,2018,melt,24,0.2974,87
BaffinBay,2018,melt,48,0.7106,87
BaffinBay,2018,melt,72,0.8023,87
BaffinBay,2018,melt,168,0.9752,87
BaffinBay,2018,freeze-up,6,0.0,96
BaffinBay,2018,freeze-up,12,0.0734,96
BaffinBay,2018,freeze-up,24,0.5808,96
BaffinBay,2018,freeze-up,48,0.9015,96
BaffinBay,2018,freeze-up,72,0.9455,96
BaffinBay,2018,freeze-up,168,0.9891,96
BaffinBay,2019,winter,6,0.0004,108
BaffinBay,2019,winter,12,0.1046,108
BaffinBay,2019,winter,24,0.7099,108
BaffinBay,2019,winter,48,0.989,108
BaffinBay,2019,winter,72,0.989,108
BaffinBay,2019,winter,168,0.989,108
BaffinBay,2019,shoulder,6,0.0,58
BaffinBay,2019,shoulder,12,0.0774,58
BaffinBay,2019,shoulder,24,0.4334,58
BaffinBay,2019,shoulder,48,0.8062,58
BaffinBay,2019,shoulder,72,0.8858,58
BaffinBay,2019,shoulder,168,0.951,58
BaffinBay,2019,melt,6,0.0,112
BaffinBay,2019,melt,12,0.0885,112
BaffinBay,2019,melt,24,0.3123,112
BaffinBay,2019,melt,48,0.8958,112
BaffinBay,2019,melt,72,0.9592,112
BaffinBay,2019,melt,168,0.9918,112
BaffinBay,2019,freeze-up,6,0.0,97
BaffinBay,2019,freeze-up,12,0.1023,97
BaffinBay,2019,freeze-up,24,0.4339,97
BaffinBay,2019,freeze-up,48,0.9611,97
BaffinBay,2019,freeze-up,72,0.9891,97
BaffinBay,2019,freeze-up,168,0.9891,97
BaffinBay,2020,winter,6,0.0,97
BaffinBay,2020,winter,12,0.1131,97
BaffinBay,2020,winter,24,0.4678,97
BaffinBay,2020,winter,48,0.8794,97
BaffinBay,2020,winter,72,0.9672,97
BaffinBay,2020,winter,168,0.9672,97
BaffinBay,2020,shoulder,6,0.0,55
BaffinBay,2020,shoulder,12,0.0918,55
BaffinBay,2020,shoulder,24,0.3072,55
BaffinBay,2020,shoulder,48,0.7687,55
BaffinBay,2020,shoulder,72,0.8532,55
BaffinBay,2020,shoulder,168,0.9836,55
BaffinBay,2020,melt,6,0.0,115
BaffinBay,2020,melt,12,0.0852,115
BaffinBay,2020,melt,24,0.3966,115
BaffinBay,2020,melt,48,0.8496,115
BaffinBay,2020,melt,72,0.913,115
BaffinBay,2020,melt,168,0.9872,115
BaffinBay,2020,freeze-up,6,0.0,121
BaffinBay,2020,freeze-up,12,0.1641,121
BaffinBay,2020,freeze-up,24,0.7392,121
BaffinBay,2020,freeze-up,48,0.9895,121
BaffinBay,2020,freeze-up,72,0.9895,121
BaffinBay,2020,freeze-up,168,0.9895,121
BaffinBay,2021,winter,6,0.0,113
BaffinBay,2021,winter,12,0.1302,113
BaffinBay,2021,winter,24,0.741,113
BaffinBay,2021,winter,48,0.9935,113
BaffinBay,2021,winter,72,0.9935,113
BaffinBay,2021,winter,168,0.9935,113
BaffinBay,2021,shoulder,6,0.0,69
BaffinBay,2021,shoulder,12,0.0996,69
BaffinBay,2021,shoulder,24,0.6128,69
BaffinBay,2021,shoulder,48,0.9438,69
BaffinBay,2021,shoulder,72,0.9836,69
BaffinBay,2021,shoulder,168,0.9836,69
BaffinBay,2021,melt,6,0.0,131
BaffinBay,2021,melt,12,0.0988,131
BaffinBay,2021,melt,24,0.5656,131
BaffinBay,2021,melt,48,0.9576,131
BaffinBay,2021,melt,72,0.9954,131
BaffinBay,2021,melt,168,0.9954,131
BaffinBay,2021,freeze-up,6,0.0,113
BaffinBay,2021,freeze-up,12,0.1215,113
BaffinBay,2021,freeze-up,24,0.6886,113
BaffinBay,2021,freeze-up,48,0.9563,113
BaffinBay,2021,freeze-up,72,0.9563,113
BaffinBay,2021,freeze-up,168,0.9891,113
BaffinBay,2022,winter,6,0.0,57
BaffinBay,2022,winter,12,0.0,57
BaffinBay,2022,winter,24,0.0617,57
BaffinBay,2022,winter,48,0.8037,57
BaffinBay,2022,winter,72,0.8037,57
BaffinBay,2022,winter,168,0.9714,57
BaffinBay,2022,shoulder,6,0.0,31
BaffinBay,2022,shoulder,12,0.0,31
BaffinBay,2022,shoulder,24,0.0364,31
BaffinBay,2022,shoulder,48,0.5631,31
BaffinBay,2022,shoulder,72,0.5631,31
BaffinBay,2022,shoulder,168,0.9836,31
BaffinBay,2022,melt,6,0.0,59
BaffinBay,2022,melt,12,0.0,59
BaffinBay,2022,melt,24,0.0364,59
BaffinBay,2022,melt,48,0.5357,59
BaffinBay,2022,melt,72,0.5357,59
BaffinBay,2022,melt,168,0.9719,59
BaffinBay,2022,freeze-up,6,0.0,50
BaffinBay,2022,freeze-up,12,0.0,50
BaffinBay,2022,freeze-up,24,0.0302,50
BaffinBay,2022,freeze-up,48,0.6879,50
BaffinBay,2022,freeze-up,72,0.6879,50
BaffinBay,2022,freeze-up,168,0.9891,50
BaffinBay,2023,winter,6,0.0,46
BaffinBay,2023,winter,12,0.0,46
BaffinBay,2023,winter,24,0.0432,46
BaffinBay,2023,winter,48,0.5944,46
BaffinBay,2023,winter,72,0.5944,46
BaffinBay,2023,winter,168,0.9775,46
BaffinBay,2023,shoulder,6,0.0,30
BaffinBay,2023,shoulder,12,0.0,30
BaffinBay,2023,shoulder,24,0.0364,30
BaffinBay,2023,shoulder,48,0.5891,30
BaffinBay,2023,shoulder,72,0.5891,30
BaffinBay,2023,shoulder,168,0.9342,30
BaffinBay,2023,melt,6,0.0,66
BaffinBay,2023,melt,12,0.0,66
BaffinBay,2023,melt,24,0.0364,66
BaffinBay,2023,melt,48,0.6588,66
BaffinBay,2023,melt,72,0.6588,66
BaffinBay,2023,melt,168,0.9836,66
BaffinBay,2023,freeze-up,6,0.0,49
BaffinBay,2023,freeze-up,12,0.0,49
BaffinBay,2023,freeze-up,24,0.0241,49
BaffinBay,2023,freeze-up,48,0.6991,49
BaffinBay,2023,freeze-up,72,0.6991,49
BaffinBay,2023,freeze-up,168,0.9675,49
BaffinBay,2024,winter,6,0.0,54
BaffinBay,2024,winter,12,0.0,54
BaffinBay,2024,winter,24,0.0366,54
BaffinBay,2024,winter,48,0.8281,54
BaffinBay,2024,winter,72,0.8281,54
BaffinBay,2024,winter,168,0.9607,54
BaffinBay,2024,shoulder,6,0.0,34
BaffinBay,2024,shoulder,12,0.0,34
BaffinBay,2024,shoulder,24,0.0182,34
BaffinBay,2024,shoulder,48,0.8261,34
BaffinBay,2024,shoulder,72,0.8261,34
BaffinBay,2024,shoulder,168,0.9342,34
BaffinBay,2024,melt,6,0.0,70
BaffinBay,2024,melt,12,0.0,70
BaffinBay,2024,melt,24,0.0364,70
BaffinBay,2024,melt,48,0.77,70
BaffinBay,2024,melt,72,0.77,70
BaffinBay,2024,melt,168,0.9836,70
BaffinBay,2024,freeze-up,6,0.0,61
BaffinBay,2024,freeze-up,12,0.0,61
BaffinBay,2024,freeze-up,24,0.0483,61
BaffinBay,2024,freeze-up,48,0.9502,61
BaffinBay,2024,freeze-up,72,0.9502,61
BaffinBay,2024,freeze-up,168,0.9891,61
BaffinBay,2025,winter,6,0.0,58
BaffinBay,2025,winter,12,0.0,58
BaffinBay,2025,winter,24,0.0653,58
BaffinBay,2025,winter,48,0.8761,58
BaffinBay,2025,winter,72,0.8761,58
BaffinBay,2025,winter,168,0.989,58
BaffinBay,2025,shoulder,6,0.0,64
BaffinBay,2025,shoulder,12,0.1367,64
BaffinBay,2025,shoulder,24,0.4965,64
BaffinBay,2025,shoulder,48,0.8314,64
BaffinBay,2025,shoulder,72,0.8737,64
BaffinBay,2025,shoulder,168,0.9908,64
BaffinBay,2025,melt,6,0.0,159
BaffinBay,2025,melt,12,0.217,159
BaffinBay,2025,melt,24,0.6905,159
BaffinBay,2025,melt,48,0.8402,159
BaffinBay,2025,melt,72,0.9625,159
BaffinBay,2025,melt,168,0.9918,159
BaffinBay,2025,freeze-up,6,0.0,145
BaffinBay,2025,freeze-up,12,0.2628,145
BaffinBay,2025,freeze-up,24,0.9178,145
BaffinBay,2025,freeze-up,48,0.9938,145
BaffinBay,2025,freeze-up,72,0.9938,145
BaffinBay,2025,freeze-up,168,0.9938,145
BaffinBay,2026,winter,6,0.0,128
BaffinBay,2026,winter,12,0.23,128
BaffinBay,2026,winter,24,0.7669,128
BaffinBay,2026,winter,48,0.9223,128
BaffinBay,2026,winter,72,0.9779,128
BaffinBay,2026,winter,168,0.9779,128
BaffinBay,2026,shoulder,6,0.0038,130
BaffinBay,2026,shoulder,12,0.3198,130
BaffinBay,2026,shoulder,24,0.8895,130
BaffinBay,2026,shoulder,48,0.9908,130
BaffinBay,2026,shoulder,72,0.9908,130
BaffinBay,2026,shoulder,168,0.9908,130
BaffinBay,2026,melt,6,0.0008,167
BaffinBay,2026,melt,12,0.2587,167
BaffinBay,2026,melt,24,0.8337,167
BaffinBay,2026,melt,48,0.9944,167
BaffinBay,2026,melt,72,0.9944,167
BaffinBay,2026,melt,168,0.9944,167
Barents_Svalbard,2016,winter,6,0.0,98
Barents_Svalbard,2016,winter,12,0.1608,98
Barents_Svalbard,2016,winter,24,0.3276,98
Barents_Svalbard,2016,winter,48,0.9518,98
Barents_Svalbard,2016,winter,72,0.9781,98
Barents_Svalbard,2016,winter,168,0.9781,98
Barents_Svalbard,2016,shoulder,6,0.0,60
Barents_Svalbard,2016,shoulder,12,0.1399,60
Barents_Svalbard,2016,shoulder,24,0.2474,60
Barents_Svalbard,2016,shoulder,48,0.9184,60
Barents_Svalbard,2016,shoulder,72,0.9577,60
Barents_Svalbard,2016,shoulder,168,0.9577,60
Barents_Svalbard,2016,melt,6,0.0006,118
Barents_Svalbard,2016,melt,12,0.1432,118
Barents_Svalbard,2016,melt,24,0.2607,118
Barents_Svalbard,2016,melt,48,0.8198,118
Barents_Svalbard,2016,melt,72,0.8608,118
Barents_Svalbard,2016,melt,168,0.8934,118
Barents_Svalbard,2016,freeze-up,6,0.009,130
Barents_Svalbard,2016,freeze-up,12,0.172,130
Barents_Svalbard,2016,freeze-up,24,0.4872,130
Barents_Svalbard,2016,freeze-up,48,0.9935,130
Barents_Svalbard,2016,freeze-up,72,0.9935,130
Barents_Svalbard,2016,freeze-up,168,0.9935,130
Barents_Svalbard,2017,winter,6,0.0054,104
Barents_Svalbard,2017,winter,12,0.1186,104
Barents_Svalbard,2017,winter,24,0.4132,104
Barents_Svalbard,2017,winter,48,0.798,104
Barents_Svalbard,2017,winter,72,0.9493,104
Barents_Svalbard,2017,winter,168,0.989,104
Barents_Svalbard,2017,shoulder,6,0.0,47
Barents_Svalbard,2017,shoulder,12,0.0,47
Barents_Svalbard,2017,shoulder,24,0.3075,47
Barents_Svalbard,2017,shoulder,48,0.9505,47
Barents_Svalbard,2017,shoulder,72,0.9836,47
Barents_Svalbard,2017,shoulder,168,0.9836,47
Barents_Svalbard,2017,melt,6,0.0,88
Barents_Svalbard,2017,melt,12,0.0,88
Barents_Svalbard,2017,melt,24,0.375,88
Barents_Svalbard,2017,melt,48,0.7853,88
Barents_Svalbard,2017,melt,72,0.9589,88
Barents_Svalbard,2017,melt,168,0.9836,88
Barents_Svalbard,2017,freeze-up,6,0.0,70
Barents_Svalbard,2017,freeze-up,12,0.0,70
Barents_Svalbard,2017,freeze-up,24,0.4216,70
Barents_Svalbard,2017,freeze-up,48,0.8352,70
Barents_Svalbard,2017,freeze-up,72,0.9891,70
Barents_Svalbard,2017,freeze-up,168,0.9891,70
Barents_Svalbard,2018,winter,6,0.0,65
Barents_Svalbard,2018,winter,12,0.0,65
Barents_Svalbard,2018,winter,24,0.4089,65
Barents_Svalbard,2018,winter,48,0.7426,65
Barents_Svalbard,2018,winter,72,0.8998,65
Barents_Svalbard,2018,winter,168,0.9779,65
Barents_Svalbard,2018,shoulder,6,0.0011,49
Barents_Svalbard,2018,shoulder,12,0.0011,49
Barents_Svalbard,2018,shoulder,24,0.5554,49
Barents_Svalbard,2018,shoulder,48,0.6869,49
Barents_Svalbard,2018,shoulder,72,0.8352,49
Barents_Svalbard,2018,shoulder,168,0.9836,49
Barents_Svalbard,2018,melt,6,0.0086,133
Barents_Svalbard,2018,melt,12,0.0409,133
Barents_Svalbard,2018,melt,24,0.5239,133
Barents_Svalbard,2018,melt,48,0.7613,133
Barents_Svalbard,2018,melt,72,0.8434,133
Barents_Svalbard,2018,melt,168,0.9918,133
Barents_Svalbard,2018,freeze-up,6,0.0218,163
Barents_Svalbard,2018,freeze-up,12,0.0852,163
Barents_Svalbard,2018,freeze-up,24,0.907,163
Barents_Svalbard,2018,freeze-up,48,0.9939,163
Barents_Svalbard,2018,freeze-up,72,0.9939,163
Barents_Svalbard,2018,freeze-up,168,0.9939,163
Barents_Svalbard,2019,winter,6,0.0057,101
Barents_Svalbard,2019,winter,12,0.0102,101
Barents_Svalbard,2019,winter,24,0.8096,101
Barents_Svalbard,2019,winter,48,0.9558,101
Barents_Svalbard,2019,winter,72,0.989,101
Barents_Svalbard,2019,winter,168,0.989,101
Barents_Svalbard,2019,shoulder,6,0.0039,65
Barents_Svalbard,2019,shoulder,12,0.0039,65
Barents_Svalbard,2019,shoulder,24,0.7847,65
Barents_Svalbard,2019,shoulder,48,0.9836,65
Barents_Svalbard,2019,shoulder,72,0.9836,65
Barents_Svalbard,2019,shoulder,168,0.9836,65
Barents_Svalbard,2019,melt,6,0.007,135
Barents_Svalbard,2019,melt,12,0.007,135
Barents_Svalbard,2019,melt,24,0.7962,135
Barents_Svalbard,2019,melt,48,0.9676,135
Barents_Svalbard,2019,melt,72,0.992,135
Barents_Svalbard,2019,melt,168,0.992,135
Barents_Svalbard,2019,freeze-up,6,0.0078,112
Barents_Svalbard,2019,freeze-up,12,0.0078,112
Barents_Svalbard,2019,freeze-up,24,0.9563,112
Barents_Svalbard,2019,freeze-up,48,0.9891,112
Barents_Svalbard,2019,freeze-up,72,0.9891,112
Barents_Svalbard,2019,freeze-up,168,0.9891,112
Barents_Svalbard,2020,winter,6,0.0075,110
Barents_Svalbard,2020,winter,12,0.0075,110
Barents_Svalbard,2020,winter,24,0.9333,110
Barents_Svalbard,2020,winter,48,0.989,110
Barents_Svalbard,2020,winter,72,0.989,110
Barents_Svalbard,2020,winter,168,0.989,110
Barents_Svalbard,2020,shoulder,6,0.0073,72
Barents_Svalbard,2020,shoulder,12,0.0073,72
Barents_Svalbard,2020,shoulder,24,0.9021,72
Barents_Svalbard,2020,shoulder,48,0.9842,72
Barents_Svalbard,2020,shoulder,72,0.9842,72
Barents_Svalbard,2020,shoulder,168,0.9842,72
Barents_Svalbard,2020,melt,6,0.007,141
Barents_Svalbard,2020,melt,12,0.007,141
Barents_Svalbard,2020,melt,24,0.894,141
Barents_Svalbard,2020,melt,48,0.9918,141
Barents_Svalbard,2020,melt,72,0.9918,141
Barents_Svalbard,2020,melt,168,0.9918,141
Barents_Svalbard,2020,freeze-up,6,0.0082,112
Barents_Svalbard,2020,freeze-up,12,0.0082,112
Barents_Svalbard,2020,freeze-up,24,0.9458,112
Barents_Svalbard,2020,freeze-up,48,0.9891,112
Barents_Svalbard,2020,freeze-up,72,0.9891,112
Barents_Svalbard,2020,freeze-up,168,0.9891,112
Barents_Svalbard,2021,winter,6,0.0076,108
Barents_Svalbard,2021,winter,12,0.0076,108
Barents_Svalbard,2021,winter,24,0.9219,108
Barents_Svalbard,2021,winter,48,0.989,108
Barents_Svalbard,2021,winter,72,0.989,108
Barents_Svalbard,2021,winter,168,0.989,108
Barents_Svalbard,2021,shoulder,6,0.0067,70
Barents_Svalbard,2021,shoulder,12,0.0067,70
Barents_Svalbard,2021,shoulder,24,0.869,70
Barents_Svalbard,2021,shoulder,48,0.9836,70
Barents_Svalbard,2021,shoulder,72,0.9836,70
Barents_Svalbard,2021,shoulder,168,0.9836,70
Barents_Svalbard,2021,melt,6,0.007,139
Barents_Svalbard,2021,melt,12,0.007,139
Barents_Svalbard,2021,melt,24,0.8532,139
Barents_Svalbard,2021,melt,48,0.992,139
Barents_Svalbard,2021,melt,72,0.992,139
Barents_Svalbard,2021,melt,168,0.992,139
Barents_Svalbard,2021,freeze-up,6,0.0067,103
Barents_Svalbard,2021,freeze-up,12,0.0067,103
Barents_Svalbard,2021,freeze-up,24,0.8367,103
Barents_Svalbard,2021,freeze-up,48,0.935,103
Barents_Svalbard,2021,freeze-up,72,0.935,103
Barents_Svalbard,2021,freeze-up,168,0.9783,103
Barents_Svalbard,2022,winter,6,0.0,50
Barents_Svalbard,2022,winter,12,0.0,50
Barents_Svalbard,2022,winter,24,0.0,50
Barents_Svalbard,2022,winter,48,0.8777,50
Barents_Svalbard,2022,winter,72,0.8777,50
Barents_Svalbard,2022,winter,168,0.989,50
Barents_Svalbard,2022,shoulder,6,0.0,29
Barents_Svalbard,2022,shoulder,12,0.0,29
Barents_Svalbard,2022,shoulder,24,0.0,29
Barents_Svalbard,2022,shoulder,48,0.6722,29
Barents_Svalbard,2022,shoulder,72,0.6722,29
Barents_Svalbard,2022,shoulder,168,0.9016,29
Barents_Svalbard,2022,melt,6,0.0,53
Barents_Svalbard,2022,melt,12,0.0,53
Barents_Svalbard,2022,melt,24,0.0,53
Barents_Svalbard,2022,melt,48,0.525,53
Barents_Svalbard,2022,melt,72,0.525,53
Barents_Svalbard,2022,melt,168,0.9263,53
Barents_Svalbard,2022,freeze-up,6,0.0,53
Barents_Svalbard,2022,freeze-up,12,0.0,53
Barents_Svalbard,2022,freeze-up,24,0.0,53
Barents_Svalbard,2022,freeze-up,48,0.9675,53
Barents_Svalbard,2022,freeze-up,72,0.9675,53
Barents_Svalbard,2022,freeze-up,168,0.9675,53
Barents_Svalbard,2023,winter,6,0.0,51
Barents_Svalbard,2023,winter,12,0.0,51
Barents_Svalbard,2023,winter,24,0.0,51
Barents_Svalbard,2023,winter,48,0.9112,51
Barents_Svalbard,2023,winter,72,0.9112,51
Barents_Svalbard,2023,winter,168,0.989,51
Barents_Svalbard,2023,shoulder,6,0.0,31
Barents_Svalbard,2023,shoulder,12,0.0,31
Barents_Svalbard,2023,shoulder,24,0.0,31
Barents_Svalbard,2023,shoulder,48,0.7217,31
Barents_Svalbard,2023,shoulder,72,0.7217,31
Barents_Svalbard,2023,shoulder,168,0.951,31
Barents_Svalbard,2023,melt,6,0.0,58
Barents_Svalbard,2023,melt,12,0.0,58
Barents_Svalbard,2023,melt,24,0.0,58
Barents_Svalbard,2023,melt,48,0.6312,58
Barents_Svalbard,2023,melt,72,0.6312,58
Barents_Svalbard,2023,melt,168,0.9673,58
Barents_Svalbard,2023,freeze-up,6,0.0,54
Barents_Svalbard,2023,freeze-up,12,0.0,54
Barents_Svalbard,2023,freeze-up,24,0.0,54
Barents_Svalbard,2023,freeze-up,48,0.9786,54
Barents_Svalbard,2023,freeze-up,72,0.9786,54
Barents_Svalbard,2023,freeze-up,168,0.9786,54
Barents_Svalbard,2024,winter,6,0.0,53
Barents_Svalbard,2024,winter,12,0.0,53
Barents_Svalbard,2024,winter,24,0.0,53
Barents_Svalbard,2024,winter,48,0.9781,53
Barents_Svalbard,2024,winter,72,0.9781,53
Barents_Svalbard,2024,winter,168,0.9781,53
Barents_Svalbard,2024,shoulder,6,0.0,32
Barents_Svalbard,2024,shoulder,12,0.0,32
Barents_Svalbard,2024,shoulder,24,0.0,32
Barents_Svalbard,2024,shoulder,48,0.7543,32
Barents_Svalbard,2024,shoulder,72,0.7543,32
Barents_Svalbard,2024,shoulder,168,0.9836,32
Barents_Svalbard,2024,melt,6,0.0,57
Barents_Svalbard,2024,melt,12,0.0,57
Barents_Svalbard,2024,melt,24,0.0,57
Barents_Svalbard,2024,melt,48,0.5902,57
Barents_Svalbard,2024,melt,72,0.5902,57
Barents_Svalbard,2024,melt,168,0.9836,57
Barents_Svalbard,2024,freeze-up,6,0.0,54
Barents_Svalbard,2024,freeze-up,12,0.0,54
Barents_Svalbard,2024,freeze-up,24,0.0,54
Barents_Svalbard,2024,freeze-up,48,0.9891,54
Barents_Svalbard,2024,freeze-up,72,0.9891,54
Barents_Svalbard,2024,freeze-up,168,0.9891,54
Barents_Svalbard,2025,winter,6,0.0,53
Barents_Svalbard,2025,winter,12,0.0,53
Barents_Svalbard,2025,winter,24,0.0221,53
Barents_Svalbard,2025,winter,48,0.9669,53
Barents_Svalbard,2025,winter,72,0.9669,53
Barents_Svalbard,2025,winter,168,0.9669,53
Barents_Svalbard,2025,shoulder,6,0.0,36
Barents_Svalbard,2025,shoulder,12,0.0,36
Barents_Svalbard,2025,shoulder,24,0.1304,36
Barents_Svalbard,2025,shoulder,48,0.7543,36
Barents_Svalbard,2025,shoulder,72,0.7543,36
Barents_Svalbard,2025,shoulder,168,0.9836,36
Barents_Svalbard,2025,melt,6,0.0,70
Barents_Svalbard,2025,melt,12,0.0,70
Barents_Svalbard,2025,melt,24,0.1875,70
Barents_Svalbard,2025,melt,48,0.6152,70
Barents_Svalbard,2025,melt,72,0.6649,70
Barents_Svalbard,2025,melt,168,0.9673,70
Barents_Svalbard,2025,freeze-up,6,0.0,62
Barents_Svalbard,2025,freeze-up,12,0.0,62
Barents_Svalbard,2025,freeze-up,24,0.2594,62
Barents_Svalbard,2025,freeze-up,48,0.8586,62
Barents_Svalbard,2025,freeze-up,72,0.8586,62
Barents_Svalbard,2025,freeze-up,168,0.9675,62
Barents_Svalbard,2026,winter,6,0.0,54
Barents_Svalbard,2026,winter,12,0.0,54
Barents_Svalbard,2026,winter,24,0.0884,54
Barents_Svalbard,2026,winter,48,0.8998,54
Barents_Svalbard,2026,winter,72,0.8998,54
Barents_Svalbard,2026,winter,168,0.9775,54
Barents_Svalbard,2026,shoulder,6,0.0003,38
Barents_Svalbard,2026,shoulder,12,0.0003,38
Barents_Svalbard,2026,shoulder,24,0.0817,38
Barents_Svalbard,2026,shoulder,48,0.7706,38
Barents_Svalbard,2026,shoulder,72,0.8038,38
Barents_Svalbard,2026,shoulder,168,0.9836,38
Barents_Svalbard,2026,melt,6,0.0002,36
Barents_Svalbard,2026,melt,12,0.0002,36
Barents_Svalbard,2026,melt,24,0.0207,36
Barents_Svalbard,2026,melt,48,0.2171,36
Barents_Svalbard,2026,melt,72,0.4016,36
Barents_Svalbard,2026,melt,168,0.9485,36
BeringChukchi,2016,winter,6,0.0,6
BeringChukchi,2016,winter,12,0.0,6
BeringChukchi,2016,winter,24,0.0,6
BeringChukchi,2016,winter,48,0.0,6
BeringChukchi,2016,winter,72,0.0,6
BeringChukchi,2016,winter,168,0.0,6
BeringChukchi,2016,shoulder,6,0.0,3
BeringChukchi,2016,shoulder,12,0.0,3
BeringChukchi,2016,shoulder,24,0.0,3
BeringChukchi,2016,shoulder,48,0.0,3
BeringChukchi,2016,shoulder,72,0.0,3
BeringChukchi,2016,shoulder,168,0.0,3
BeringChukchi,2016,melt,6,0.0,3
BeringChukchi,2016,melt,12,0.0,3
BeringChukchi,2016,melt,24,0.0,3
BeringChukchi,2016,melt,48,0.0,3
BeringChukchi,2016,melt,72,0.0,3
BeringChukchi,2016,melt,168,0.0492,3
BeringChukchi,2016,freeze-up,6,0.0,17
BeringChukchi,2016,freeze-up,12,0.0,17
BeringChukchi,2016,freeze-up,24,0.0182,17
BeringChukchi,2016,freeze-up,48,0.1358,17
BeringChukchi,2016,freeze-up,72,0.1358,17
BeringChukchi,2016,freeze-up,168,0.3318,17
BeringChukchi,2017,winter,6,0.0,33
BeringChukchi,2017,winter,12,0.0049,33
BeringChukchi,2017,winter,24,0.0765,33
BeringChukchi,2017,winter,48,0.1856,33
BeringChukchi,2017,winter,72,0.293,33
BeringChukchi,2017,winter,168,0.7294,33
BeringChukchi,2017,shoulder,6,0.0,21
BeringChukchi,2017,shoulder,12,0.0,21
BeringChukchi,2017,shoulder,24,0.0978,21
BeringChukchi,2017,shoulder,48,0.2608,21
BeringChukchi,2017,shoulder,72,0.2608,21
BeringChukchi,2017,shoulder,168,0.9342,21
BeringChukchi,2017,melt,6,0.0,21
BeringChukchi,2017,melt,12,0.0,21
BeringChukchi,2017,melt,24,0.0,21
BeringChukchi,2017,melt,48,0.0,21
BeringChukchi,2017,melt,72,0.0,21
BeringChukchi,2017,melt,168,0.9836,21
BeringChukchi,2017,freeze-up,6,0.0,15
BeringChukchi,2017,freeze-up,12,0.0,15
BeringChukchi,2017,freeze-up,24,0.0,15
BeringChukchi,2017,freeze-up,48,0.0,15
BeringChukchi,2017,freeze-up,72,0.0,15
BeringChukchi,2017,freeze-up,168,0.9131,15
BeringChukchi,2018,winter,6,0.0,15
BeringChukchi,2018,winter,12,0.0,15
BeringChukchi,2018,winter,24,0.0,15
BeringChukchi,2018,winter,48,0.0,15
BeringChukchi,2018,winter,72,0.0,15
BeringChukchi,2018,winter,168,0.9333,15
BeringChukchi,2018,shoulder,6,0.0,11
BeringChukchi,2018,shoulder,12,0.0,11
BeringChukchi,2018,shoulder,24,0.0,11
BeringChukchi,2018,shoulder,48,0.0,11
BeringChukchi,2018,shoulder,72,0.0,11
BeringChukchi,2018,shoulder,168,0.9342,11
BeringChukchi,2018,melt,6,0.0,28
BeringChukchi,2018,melt,12,0.0,28
BeringChukchi,2018,melt,24,0.0,28
BeringChukchi,2018,melt,48,0.1304,28
BeringChukchi,2018,melt,72,0.1304,28
BeringChukchi,2018,melt,168,0.91,28
BeringChukchi,2018,freeze-up,6,0.0,26
BeringChukchi,2018,freeze-up,12,0.0,26
BeringChukchi,2018,freeze-up,24,0.0,26
BeringChukchi,2018,freeze-up,48,0.1297,26
BeringChukchi,2018,freeze-up,72,0.1297,26
BeringChukchi,2018,freeze-up,168,0.9675,26
BeringChukchi,2019,winter,6,0.0,30
BeringChukchi,2019,winter,12,0.0,30
BeringChukchi,2019,winter,24,0.0,30
BeringChukchi,2019,winter,48,0.1547,30
BeringChukchi,2019,winter,72,0.1547,30
BeringChukchi,2019,winter,168,0.9775,30
BeringChukchi,2019,shoulder,6,0.0,17
BeringChukchi,2019,shoulder,12,0.0,17
BeringChukchi,2019,shoulder,24,0.0,17
BeringChukchi,2019,shoulder,48,0.163,17
BeringChukchi,2019,shoulder,72,0.163,17
BeringChukchi,2019,shoulder,168,0.9342,17
BeringChukchi,2019,melt,6,0.0,37
BeringChukchi,2019,melt,12,0.0,37
BeringChukchi,2019,melt,24,0.0163,37
BeringChukchi,2019,melt,48,0.163,37
BeringChukchi,2019,melt,72,0.163,37
BeringChukchi,2019,melt,168,0.9836,37
BeringChukchi,2019,freeze-up,6,0.0,29
BeringChukchi,2019,freeze-up,12,0.0,29
BeringChukchi,2019,freeze-up,24,0.0,29
BeringChukchi,2019,freeze-up,48,0.1513,29
BeringChukchi,2019,freeze-up,72,0.1513,29
BeringChukchi,2019,freeze-up,168,0.9458,29
BeringChukchi,2020,winter,6,0.0,29
BeringChukchi,2020,winter,12,0.0,29
BeringChukchi,2020,winter,24,0.0,29
BeringChukchi,2020,winter,48,0.1748,29
BeringChukchi,2020,winter,72,0.1748,29
BeringChukchi,2020,winter,168,0.9781,29
BeringChukchi,2020,shoulder,6,0.0,15
BeringChukchi,2020,shoulder,12,0.0,15
BeringChukchi,2020,shoulder,24,0.0,15
BeringChukchi,2020,shoulder,48,0.0652,15
BeringChukchi,2020,shoulder,72,0.0652,15
BeringChukchi,2020,shoulder,168,0.9342,15
BeringChukchi,2020,melt,6,0.0,26
BeringChukchi,2020,melt,12,0.0,26
BeringChukchi,2020,melt,24,0.0,26
BeringChukchi,2020,melt,48,0.0652,26
BeringChukchi,2020,melt,72,0.0652,26
BeringChukchi,2020,melt,168,0.8526,26
BeringChukchi,2020,freeze-up,6,0.0,27
BeringChukchi,2020,freeze-up,12,0.0,27
BeringChukchi,2020,freeze-up,24,0.0,27
BeringChukchi,2020,freeze-up,48,0.1081,27
BeringChukchi,2020,freeze-up,72,0.1081,27
BeringChukchi,2020,freeze-up,168,0.9675,27
BeringChukchi,2021,winter,6,0.0,29
BeringChukchi,2021,winter,12,0.0,29
BeringChukchi,2021,winter,24,0.0,29
BeringChukchi,2021,winter,48,0.1547,29
BeringChukchi,2021,winter,72,0.1547,29
BeringChukchi,2021,winter,168,0.9333,29
BeringChukchi,2021,shoulder,6,0.0,17
BeringChukchi,2021,shoulder,12,0.0,17
BeringChukchi,2021,shoulder,24,0.0,17
BeringChukchi,2021,shoulder,48,0.0978,17
BeringChukchi,2021,shoulder,72,0.0978,17
BeringChukchi,2021,shoulder,168,0.9836,17
BeringChukchi,2021,melt,6,0.0,28
BeringChukchi,2021,melt,12,0.0,28
BeringChukchi,2021,melt,24,0.0,28
BeringChukchi,2021,melt,48,0.0489,28
BeringChukchi,2021,melt,72,0.0489,28
BeringChukchi,2021,melt,168,0.9426,28
BeringChukchi,2021,freeze-up,6,0.0,31
BeringChukchi,2021,freeze-up,12,0.0,31
BeringChukchi,2021,freeze-up,24,0.0,31
BeringChukchi,2021,freeze-up,48,0.1729,31
BeringChukchi,2021,freeze-up,72,0.1729,31
BeringChukchi,2021,freeze-up,168,0.9675,31
BeringChukchi,2022,winter,6,0.0,28
BeringChukchi,2022,winter,12,0.0,28
BeringChukchi,2022,winter,24,0.0,28
BeringChukchi,2022,winter,48,0.1326,28
BeringChukchi,2022,winter,72,0.1326,28
BeringChukchi,2022,winter,168,0.9333,28
BeringChukchi,2022,shoulder,6,0.0,13
BeringChukchi,2022,shoulder,12,0.0,13
BeringChukchi,2022,shoulder,24,0.0,13
BeringChukchi,2022,shoulder,48,0.0,13
BeringChukchi,2022,shoulder,72,0.0,13
BeringChukchi,2022,shoulder,168,0.9342,13
BeringChukchi,2022,melt,6,0.0,24
BeringChukchi,2022,melt,12,0.0,24
BeringChukchi,2022,melt,24,0.0,24
BeringChukchi,2022,melt,48,0.0,24
BeringChukchi,2022,melt,72,0.0,24
BeringChukchi,2022,melt,168,0.9263,24
BeringChukchi,2022,freeze-up,6,0.0,22
BeringChukchi,2022,freeze-up,12,0.0,22
BeringChukchi,2022,freeze-up,24,0.0,22
BeringChukchi,2022,freeze-up,48,0.0216,22
BeringChukchi,2022,freeze-up,72,0.0216,22
BeringChukchi,2022,freeze-up,168,0.9131,22
BeringChukchi,2023,winter,6,0.0,23
BeringChukchi,2023,winter,12,0.0,23
BeringChukchi,2023,winter,24,0.0,23
BeringChukchi,2023,winter,48,0.0,23
BeringChukchi,2023,winter,72,0.0,23
BeringChukchi,2023,winter,168,0.9669,23
BeringChukchi,2023,shoulder,6,0.0,13
BeringChukchi,2023,shoulder,12,0.0,13
BeringChukchi,2023,shoulder,24,0.0,13
BeringChukchi,2023,shoulder,48,0.0,13
BeringChukchi,2023,shoulder,72,0.0,13
BeringChukchi,2023,shoulder,168,0.869,13
BeringChukchi,2023,melt,6,0.0,26
BeringChukchi,2023,melt,12,0.0,26
BeringChukchi,2023,melt,24,0.0,26
BeringChukchi,2023,melt,48,0.0,26
BeringChukchi,2023,melt,72,0.0,26
BeringChukchi,2023,melt,168,0.9836,26
BeringChukchi,2023,freeze-up,6,0.0,21
BeringChukchi,2023,freeze-up,12,0.0,21
BeringChukchi,2023,freeze-up,24,0.0,21
BeringChukchi,2023,freeze-up,48,0.0,21
BeringChukchi,2023,freeze-up,72,0.0,21
BeringChukchi,2023,freeze-up,168,0.9131,21
BeringChukchi,2024,winter,6,0.0,25
BeringChukchi,2024,winter,12,0.0,25
BeringChukchi,2024,winter,24,0.0,25
BeringChukchi,2024,winter,48,0.1643,25
BeringChukchi,2024,winter,72,0.1643,25
BeringChukchi,2024,winter,168,0.7581,25
BeringChukchi,2024,shoulder,6,0.0,15
BeringChukchi,2024,shoulder,12,0.0,15
BeringChukchi,2024,shoulder,24,0.0,15
BeringChukchi,2024,shoulder,48,0.0978,15
BeringChukchi,2024,shoulder,72,0.0978,15
BeringChukchi,2024,shoulder,168,0.9016,15
BeringChukchi,2024,melt,6,0.0,27
BeringChukchi,2024,melt,12,0.0,27
BeringChukchi,2024,melt,24,0.0,27
BeringChukchi,2024,melt,48,0.0815,27
BeringChukchi,2024,melt,72,0.0815,27
BeringChukchi,2024,melt,168,0.8032,27
BeringChukchi,2024,freeze-up,6,0.0,29
BeringChukchi,2024,freeze-up,12,0.0,29
BeringChukchi,2024,freeze-up,24,0.0,29
BeringChukchi,2024,freeze-up,48,0.1297,29
BeringChukchi,2024,freeze-up,72,0.1297,29
BeringChukchi,2024,freeze-up,168,0.9563,29
BeringChukchi,2025,winter,6,0.0,29
BeringChukchi,2025,winter,12,0.0,29
BeringChukchi,2025,winter,24,0.0,29
BeringChukchi,2025,winter,48,0.1768,29
BeringChukchi,2025,winter,72,0.1768,29
BeringChukchi,2025,winter,168,0.989,29
BeringChukchi,2025,shoulder,6,0.0,20
BeringChukchi,2025,shoulder,12,0.0215,20
BeringChukchi,2025,shoulder,24,0.0215,20
BeringChukchi,2025,shoulder,48,0.1193,20
BeringChukchi,2025,shoulder,72,0.1193,20
BeringChukchi,2025,shoulder,168,0.927,20
BeringChukchi,2025,melt,6,0.0,36
BeringChukchi,2025,melt,12,0.0107,36
BeringChukchi,2025,melt,24,0.0107,36
BeringChukchi,2025,melt,48,0.0596,36
BeringChukchi,2025,melt,72,0.0596,36
BeringChukchi,2025,melt,168,0.9546,36
BeringChukchi,2025,freeze-up,6,0.0,37
BeringChukchi,2025,freeze-up,12,0.0285,37
BeringChukchi,2025,freeze-up,24,0.0285,37
BeringChukchi,2025,freeze-up,48,0.2014,37
BeringChukchi,2025,freeze-up,72,0.2014,37
BeringChukchi,2025,freeze-up,168,0.9675,37
BeringChukchi,2026,winter,6,0.0,35
BeringChukchi,2026,winter,12,0.0388,35
BeringChukchi,2026,winter,24,0.0388,35
BeringChukchi,2026,winter,48,0.1714,35
BeringChukchi,2026,winter,72,0.1714,35
BeringChukchi,2026,winter,168,0.849,35
BeringChukchi,2026,shoulder,6,0.0001,28
BeringChukchi,2026,shoulder,12,0.0216,28
BeringChukchi,2026,shoulder,24,0.0581,28
BeringChukchi,2026,shoulder,48,0.2864,28
BeringChukchi,2026,shoulder,72,0.2864,28
BeringChukchi,2026,shoulder,168,0.9016,28
BeringChukchi,2026,melt,6,0.0,28
BeringChukchi,2026,melt,12,0.027,28
BeringChukchi,2026,melt,24,0.027,28
BeringChukchi,2026,melt,48,0.0373,28
BeringChukchi,2026,melt,72,0.0373,28
BeringChukchi,2026,melt,168,0.81,28
GreenlandSea_Fram,2016,winter,6,0.0023,142
GreenlandSea_Fram,2016,winter,12,0.2274,142
GreenlandSea_Fram,2016,winter,24,0.7943,142
GreenlandSea_Fram,2016,winter,48,0.9931,142
GreenlandSea_Fram,2016,winter,72,0.9931,142
GreenlandSea_Fram,2016,winter,168,0.9931,142
GreenlandSea_Fram,2016,shoulder,6,0.0,89
GreenlandSea_Fram,2016,shoulder,12,0.1979,89
GreenlandSea_Fram,2016,shoulder,24,0.8017,89
GreenlandSea_Fram,2016,shoulder,48,0.9836,89
GreenlandSea_Fram,2016,shoulder,72,0.9836,89
GreenlandSea_Fram,2016,shoulder,168,0.9836,89
GreenlandSea_Fram,2016,melt,6,0.0011,172
GreenlandSea_Fram,2016,melt,12,0.1949,172
GreenlandSea_Fram,2016,melt,24,0.7661,172
GreenlandSea_Fram,2016,melt,48,0.8967,172
GreenlandSea_Fram,2016,melt,72,0.8967,172
GreenlandSea_Fram,2016,melt,168,0.8967,172
GreenlandSea_Fram,2016,freeze-up,6,0.0097,182
GreenlandSea_Fram,2016,freeze-up,12,0.2779,182
GreenlandSea_Fram,2016,freeze-up,24,0.9478,182
GreenlandSea_Fram,2016,freeze-up,48,0.9891,182
GreenlandSea_Fram,2016,freeze-up,72,0.9891,182
GreenlandSea_Fram,2016,freeze-up,168,0.9891,182
GreenlandSea_Fram,2017,winter,6,0.0103,162
GreenlandSea_Fram,2017,winter,12,0.2193,162
GreenlandSea_Fram,2017,winter,24,0.8925,162
GreenlandSea_Fram,2017,winter,48,0.9489,162
GreenlandSea_Fram,2017,winter,72,0.9489,162
GreenlandSea_Fram,2017,winter,168,0.989,162
GreenlandSea_Fram,2017,shoulder,6,0.0213,99
GreenlandSea_Fram,2017,shoulder,12,0.0213,99
GreenlandSea_Fram,2017,shoulder,24,0.9842,99
GreenlandSea_Fram,2017,shoulder,48,0.9842,99
GreenlandSea_Fram,2017,shoulder,72,0.9842,99
GreenlandSea_Fram,2017,shoulder,168,0.9842,99
GreenlandSea_Fram,2017,melt,6,0.0218,200
GreenlandSea_Fram,2017,melt,12,0.0218,200
GreenlandSea_Fram,2017,melt,24,0.9836,200
GreenlandSea_Fram,2017,melt,48,0.992,200
GreenlandSea_Fram,2017,melt,72,0.992,200
GreenlandSea_Fram,2017,melt,168,0.992,200
GreenlandSea_Fram,2017,freeze-up,6,0.0223,152
GreenlandSea_Fram,2017,freeze-up,12,0.0223,152
GreenlandSea_Fram,2017,freeze-up,24,0.9894,152
GreenlandSea_Fram,2017,freeze-up,48,0.9894,152
GreenlandSea_Fram,2017,freeze-up,72,0.9894,152
GreenlandSea_Fram,2017,freeze-up,168,0.9894,152
GreenlandSea_Fram,2018,winter,6,0.022,147
GreenlandSea_Fram,2018,winter,12,0.022,147
GreenlandSea_Fram,2018,winter,24,0.9669,147
GreenlandSea_Fram,2018,winter,48,0.989,147
GreenlandSea_Fram,2018,winter,72,0.989,147
GreenlandSea_Fram,2018,winter,168,0.989,147
GreenlandSea_Fram,2018,shoulder,6,0.019,94
GreenlandSea_Fram,2018,shoulder,12,0.019,94
GreenlandSea_Fram,2018,shoulder,24,0.9516,94
GreenlandSea_Fram,2018,shoulder,48,0.9836,94
GreenlandSea_Fram,2018,shoulder,72,0.9836,94
GreenlandSea_Fram,2018,shoulder,168,0.9836,94
GreenlandSea_Fram,2018,melt,6,0.0271,217
GreenlandSea_Fram,2018,melt,12,0.0304,217
GreenlandSea_Fram,2018,melt,24,0.9415,217
GreenlandSea_Fram,2018,melt,48,0.992,217
GreenlandSea_Fram,2018,melt,72,0.992,217
GreenlandSea_Fram,2018,melt,168,0.992,217
GreenlandSea_Fram,2018,freeze-up,6,0.043,227
GreenlandSea_Fram,2018,freeze-up,12,0.1233,227
GreenlandSea_Fram,2018,freeze-up,24,0.9894,227
GreenlandSea_Fram,2018,freeze-up,48,0.9894,227
GreenlandSea_Fram,2018,freeze-up,72,0.9894,227
GreenlandSea_Fram,2018,freeze-up,168,0.9894,227
GreenlandSea_Fram,2019,winter,6,0.0227,155
GreenlandSea_Fram,2019,winter,12,0.0476,155
GreenlandSea_Fram,2019,winter,24,0.9672,155
GreenlandSea_Fram,2019,winter,48,0.9893,155
GreenlandSea_Fram,2019,winter,72,0.9893,155
GreenlandSea_Fram,2019,winter,168,0.9893,155
GreenlandSea_Fram,2019,shoulder,6,0.0196,96
GreenlandSea_Fram,2019,shoulder,12,0.0318,96
GreenlandSea_Fram,2019,shoulder,24,0.9184,96
GreenlandSea_Fram,2019,shoulder,48,0.9836,96
GreenlandSea_Fram,2019,shoulder,72,0.9836,96
GreenlandSea_Fram,2019,shoulder,168,0.9836,96
GreenlandSea_Fram,2019,melt,6,0.0199,208
GreenlandSea_Fram,2019,melt,12,0.071,208
GreenlandSea_Fram,2019,melt,24,0.9619,208
GreenlandSea_Fram,2019,melt,48,0.9951,208
GreenlandSea_Fram,2019,melt,72,0.9951,208
GreenlandSea_Fram,2019,melt,168,0.9951,208
GreenlandSea_Fram,2019,freeze-up,6,0.0223,168
GreenlandSea_Fram,2019,freeze-up,12,0.0908,168
GreenlandSea_Fram,2019,freeze-up,24,0.9894,168
GreenlandSea_Fram,2019,freeze-up,48,0.9894,168
GreenlandSea_Fram,2019,freeze-up,72,0.9894,168
GreenlandSea_Fram,2019,freeze-up,168,0.9894,168
GreenlandSea_Fram,2020,winter,6,0.0218,163
GreenlandSea_Fram,2020,winter,12,0.0813,163
GreenlandSea_Fram,2020,winter,24,0.9894,163
GreenlandSea_Fram,2020,winter,48,0.9894,163
GreenlandSea_Fram,2020,winter,72,0.9894,163
GreenlandSea_Fram,2020,winter,168,0.9894,163
GreenlandSea_Fram,2020,shoulder,6,0.0213,105
GreenlandSea_Fram,2020,shoulder,12,0.0596,105
GreenlandSea_Fram,2020,shoulder,24,0.9836,105
GreenlandSea_Fram,2020,shoulder,48,0.9836,105
GreenlandSea_Fram,2020,shoulder,72,0.9836,105
GreenlandSea_Fram,2020,shoulder,168,0.9836,105
GreenlandSea_Fram,2020,melt,6,0.0204,207
GreenlandSea_Fram,2020,melt,12,0.0633,207
GreenlandSea_Fram,2020,melt,24,0.976,207
GreenlandSea_Fram,2020,melt,48,0.992,207
GreenlandSea_Fram,2020,melt,72,0.992,207
GreenlandSea_Fram,2020,melt,168,0.992,207
GreenlandSea_Fram,2020,freeze-up,6,0.0208,163
GreenlandSea_Fram,2020,freeze-up,12,0.0857,163
GreenlandSea_Fram,2020,freeze-up,24,0.9671,163
GreenlandSea_Fram,2020,freeze-up,48,0.9895,163
GreenlandSea_Fram,2020,freeze-up,72,0.9895,163
GreenlandSea_Fram,2020,freeze-up,168,0.9895,163
GreenlandSea_Fram,2021,winter,6,0.0224,157
GreenlandSea_Fram,2021,winter,12,0.0585,157
GreenlandSea_Fram,2021,winter,24,0.9893,157
GreenlandSea_Fram,2021,winter,48,0.9893,157
GreenlandSea_Fram,2021,winter,72,0.9893,157
GreenlandSea_Fram,2021,winter,168,0.9893,157
GreenlandSea_Fram,2021,shoulder,6,0.0219,103
GreenlandSea_Fram,2021,shoulder,12,0.0419,103
GreenlandSea_Fram,2021,shoulder,24,0.9842,103
GreenlandSea_Fram,2021,shoulder,48,0.9842,103
GreenlandSea_Fram,2021,shoulder,72,0.9842,103
GreenlandSea_Fram,2021,shoulder,168,0.9842,103
GreenlandSea_Fram,2021,melt,6,0.0196,202
GreenlandSea_Fram,2021,melt,12,0.0527,202
GreenlandSea_Fram,2021,melt,24,0.9749,202
GreenlandSea_Fram,2021,melt,48,0.9918,202
GreenlandSea_Fram,2021,melt,72,0.9918,202
GreenlandSea_Fram,2021,melt,168,0.9918,202
GreenlandSea_Fram,2021,freeze-up,6,0.0204,157
GreenlandSea_Fram,2021,freeze-up,12,0.0728,157
GreenlandSea_Fram,2021,freeze-up,24,0.9127,157
GreenlandSea_Fram,2021,freeze-up,48,0.9895,157
GreenlandSea_Fram,2021,freeze-up,72,0.9895,157
GreenlandSea_Fram,2021,freeze-up,168,0.9895,157
GreenlandSea_Fram,2022,winter,6,0.0,72
GreenlandSea_Fram,2022,winter,12,0.0,72
GreenlandSea_Fram,2022,winter,24,0.2027,72
GreenlandSea_Fram,2022,winter,48,0.989,72
GreenlandSea_Fram,2022,winter,72,0.989,72
GreenlandSea_Fram,2022,winter,168,0.989,72
GreenlandSea_Fram,2022,shoulder,6,0.0,48
GreenlandSea_Fram,2022,shoulder,12,0.0,48
GreenlandSea_Fram,2022,shoulder,24,0.1889,48
GreenlandSea_Fram,2022,shoulder,48,0.9836,48
GreenlandSea_Fram,2022,shoulder,72,0.9836,48
GreenlandSea_Fram,2022,shoulder,168,0.9836,48
GreenlandSea_Fram,2022,melt,6,0.0,99
GreenlandSea_Fram,2022,melt,12,0.0,99
GreenlandSea_Fram,2022,melt,24,0.2204,99
GreenlandSea_Fram,2022,melt,48,0.9673,99
GreenlandSea_Fram,2022,melt,72,0.9673,99
GreenlandSea_Fram,2022,melt,168,0.992,99
GreenlandSea_Fram,2022,freeze-up,6,0.0,75
GreenlandSea_Fram,2022,freeze-up,12,0.0,75
GreenlandSea_Fram,2022,freeze-up,24,0.2192,75
GreenlandSea_Fram,2022,freeze-up,48,0.9786,75
GreenlandSea_Fram,2022,freeze-up,72,0.9786,75
GreenlandSea_Fram,2022,freeze-up,168,0.9786,75
GreenlandSea_Fram,2023,winter,6,0.0,73
GreenlandSea_Fram,2023,winter,12,0.0,73
GreenlandSea_Fram,2023,winter,24,0.224,73
GreenlandSea_Fram,2023,winter,48,0.9554,73
GreenlandSea_Fram,2023,winter,72,0.9554,73
GreenlandSea_Fram,2023,winter,168,0.989,73
GreenlandSea_Fram,2023,shoulder,6,0.0,51
GreenlandSea_Fram,2023,shoulder,12,0.0,51
GreenlandSea_Fram,2023,shoulder,24,0.2361,51
GreenlandSea_Fram,2023,shoulder,48,0.9836,51
GreenlandSea_Fram,2023,shoulder,72,0.9836,51
GreenlandSea_Fram,2023,shoulder,168,0.9836,51
GreenlandSea_Fram,2023,melt,6,0.0,101
GreenlandSea_Fram,2023,melt,12,0.0,101
GreenlandSea_Fram,2023,melt,24,0.2282,101
GreenlandSea_Fram,2023,melt,48,0.992,101
GreenlandSea_Fram,2023,melt,72,0.992,101
GreenlandSea_Fram,2023,melt,168,0.992,101
GreenlandSea_Fram,2023,freeze-up,6,0.0,74
GreenlandSea_Fram,2023,freeze-up,12,0.0,74
GreenlandSea_Fram,2023,freeze-up,24,0.2191,74
GreenlandSea_Fram,2023,freeze-up,48,0.9675,74
GreenlandSea_Fram,2023,freeze-up,72,0.9675,74
GreenlandSea_Fram,2023,freeze-up,168,0.9675,74
GreenlandSea_Fram,2024,winter,6,0.0,75
GreenlandSea_Fram,2024,winter,12,0.0,75
GreenlandSea_Fram,2024,winter,24,0.2216,75
GreenlandSea_Fram,2024,winter,48,0.9894,75
GreenlandSea_Fram,2024,winter,72,0.9894,75
GreenlandSea_Fram,2024,winter,168,0.9894,75
GreenlandSea_Fram,2024,shoulder,6,0.0,49
GreenlandSea_Fram,2024,shoulder,12,0.0,49
GreenlandSea_Fram,2024,shoulder,24,0.2203,49
GreenlandSea_Fram,2024,shoulder,48,0.9342,49
GreenlandSea_Fram,2024,shoulder,72,0.9342,49
GreenlandSea_Fram,2024,shoulder,168,0.9836,49
GreenlandSea_Fram,2024,melt,6,0.0,100
GreenlandSea_Fram,2024,melt,12,0.0,100
GreenlandSea_Fram,2024,melt,24,0.2361,100
GreenlandSea_Fram,2024,melt,48,0.9668,100
GreenlandSea_Fram,2024,melt,72,0.9668,100
GreenlandSea_Fram,2024,melt,168,0.9915,100
GreenlandSea_Fram,2024,freeze-up,6,0.0,75
GreenlandSea_Fram,2024,freeze-up,12,0.0,75
GreenlandSea_Fram,2024,freeze-up,24,0.2296,75
GreenlandSea_Fram,2024,freeze-up,48,0.9563,75
GreenlandSea_Fram,2024,freeze-up,72,0.9563,75
GreenlandSea_Fram,2024,freeze-up,168,0.9891,75
GreenlandSea_Fram,2025,winter,6,0.0008,79
GreenlandSea_Fram,2025,winter,12,0.0053,79
GreenlandSea_Fram,2025,winter,24,0.2907,79
GreenlandSea_Fram,2025,winter,48,0.9886,79
GreenlandSea_Fram,2025,winter,72,0.9886,79
GreenlandSea_Fram,2025,winter,168,0.9886,79
GreenlandSea_Fram,2025,shoulder,6,0.0189,94
GreenlandSea_Fram,2025,shoulder,12,0.0189,94
GreenlandSea_Fram,2025,shoulder,24,0.9347,94
GreenlandSea_Fram,2025,shoulder,48,0.9842,94
GreenlandSea_Fram,2025,shoulder,72,0.9842,94
GreenlandSea_Fram,2025,shoulder,168,0.9842,94
GreenlandSea_Fram,2025,melt,6,0.017,181
GreenlandSea_Fram,2025,melt,12,0.017,181
GreenlandSea_Fram,2025,melt,24,0.9426,181
GreenlandSea_Fram,2025,melt,48,0.992,181
GreenlandSea_Fram,2025,melt,72,0.992,181
GreenlandSea_Fram,2025,melt,168,0.992,181
GreenlandSea_Fram,2025,freeze-up,6,0.0137,125
GreenlandSea_Fram,2025,freeze-up,12,0.0137,125
GreenlandSea_Fram,2025,freeze-up,24,0.9026,125
GreenlandSea_Fram,2025,freeze-up,48,0.9891,125
GreenlandSea_Fram,2025,freeze-up,72,0.9891,125
GreenlandSea_Fram,2025,freeze-up,168,0.9891,125
GreenlandSea_Fram,2026,winter,6,0.0136,123
GreenlandSea_Fram,2026,winter,12,0.0136,123
GreenlandSea_Fram,2026,winter,24,0.9227,123
GreenlandSea_Fram,2026,winter,48,0.989,123
GreenlandSea_Fram,2026,winter,72,0.989,123
GreenlandSea_Fram,2026,winter,168,0.989,123
GreenlandSea_Fram,2026,shoulder,6,0.013,106
GreenlandSea_Fram,2026,shoulder,12,0.013,106
GreenlandSea_Fram,2026,shoulder,24,0.9179,106
GreenlandSea_Fram,2026,shoulder,48,0.9837,106
GreenlandSea_Fram,2026,shoulder,72,0.9837,106
GreenlandSea_Fram,2026,shoulder,168,0.9837,106
GreenlandSea_Fram,2026,melt,6,0.01,139
GreenlandSea_Fram,2026,melt,12,0.01,139
GreenlandSea_Fram,2026,melt,24,0.8447,139
GreenlandSea_Fram,2026,melt,48,0.9898,139
GreenlandSea_Fram,2026,melt,72,0.9898,139
GreenlandSea_Fram,2026,melt,168,0.9898,139
KaraGate,2016,winter,6,0.0,66
KaraGate,2016,winter,12,0.0,66
KaraGate,2016,winter,24,0.149,66
KaraGate,2016,winter,48,0.8574,66
KaraGate,2016,winter,72,0.9073,66
KaraGate,2016,winter,168,0.9836,66
KaraGate,2016,shoulder,6,0.0,47
KaraGate,2016,shoulder,12,0.0,47
KaraGate,2016,shoulder,24,0.1705,47
KaraGate,2016,shoulder,48,0.9342,47
KaraGate,2016,shoulder,72,0.9342,47
KaraGate,2016,shoulder,168,0.9836,47
KaraGate,2016,melt,6,0.0,85
KaraGate,2016,melt,12,0.0148,85
KaraGate,2016,melt,24,0.1865,85
KaraGate,2016,melt,48,0.7984,85
KaraGate,2016,melt,72,0.8192,85
KaraGate,2016,melt,168,0.8934,85
KaraGate,2016,freeze-up,6,0.0,98
KaraGate,2016,freeze-up,12,0.1401,98
KaraGate,2016,freeze-up,24,0.4745,98
KaraGate,2016,freeze-up,48,0.9334,98
KaraGate,2016,freeze-up,72,0.9938,98
KaraGate,2016,freeze-up,168,0.9938,98
KaraGate,2017,winter,6,0.0,81
KaraGate,2017,winter,12,0.0926,81
KaraGate,2017,winter,24,0.4244,81
KaraGate,2017,winter,48,0.7803,81
KaraGate,2017,winter,72,0.8933,81
KaraGate,2017,winter,168,0.9665,81
KaraGate,2017,shoulder,6,0.0,36
KaraGate,2017,shoulder,12,0.0,36
KaraGate,2017,shoulder,24,0.2934,36
KaraGate,2017,shoulder,48,0.5542,36
KaraGate,2017,shoulder,72,0.6869,36
KaraGate,2017,shoulder,168,0.9342,36
KaraGate,2017,melt,6,0.0,79
KaraGate,2017,melt,12,0.0,79
KaraGate,2017,melt,24,0.3749,79
KaraGate,2017,melt,48,0.5705,79
KaraGate,2017,melt,72,0.7363,79
KaraGate,2017,melt,168,0.9836,79
KaraGate,2017,freeze-up,6,0.0,61
KaraGate,2017,freeze-up,12,0.0,61
KaraGate,2017,freeze-up,24,0.3891,61
KaraGate,2017,freeze-up,48,0.5836,61
KaraGate,2017,freeze-up,72,0.7595,61
KaraGate,2017,freeze-up,168,0.9891,61
KaraGate,2018,winter,6,0.0,57
KaraGate,2018,winter,12,0.0,57
KaraGate,2018,winter,24,0.3535,57
KaraGate,2018,winter,48,0.5524,57
KaraGate,2018,winter,72,0.7097,57
KaraGate,2018,winter,168,0.989,57
KaraGate,2018,shoulder,6,0.0,38
KaraGate,2018,shoulder,12,0.0,38
KaraGate,2018,shoulder,24,0.3097,38
KaraGate,2018,shoulder,48,0.5705,38
KaraGate,2018,shoulder,72,0.7363,38
KaraGate,2018,shoulder,168,0.9836,38
KaraGate,2018,melt,6,0.0008,79
KaraGate,2018,melt,12,0.0008,79
KaraGate,2018,melt,24,0.3594,79
KaraGate,2018,melt,48,0.5977,79
KaraGate,2018,melt,72,0.6711,79
KaraGate,2018,melt,168,0.9673,79
KaraGate,2018,freeze-up,6,0.0019,63
KaraGate,2018,freeze-up,12,0.0019,63
KaraGate,2018,freeze-up,24,0.2829,63
KaraGate,2018,freeze-up,48,0.7494,63
KaraGate,2018,freeze-up,72,0.8583,63
KaraGate,2018,freeze-up,168,0.9783,63
KaraGate,2019,winter,6,0.0,49
KaraGate,2019,winter,12,0.0,49
KaraGate,2019,winter,24,0.2099,49
KaraGate,2019,winter,48,0.5413,49
KaraGate,2019,winter,72,0.6537,49
KaraGate,2019,winter,168,0.9665,49
KaraGate,2019,shoulder,6,0.0,31
KaraGate,2019,shoulder,12,0.0,31
KaraGate,2019,shoulder,24,0.2119,31
KaraGate,2019,shoulder,48,0.4401,31
KaraGate,2019,shoulder,72,0.5064,31
KaraGate,2019,shoulder,168,0.9673,31
KaraGate,2019,melt,6,0.0,54
KaraGate,2019,melt,12,0.0,54
KaraGate,2019,melt,24,0.2526,54
KaraGate,2019,melt,48,0.3015,54
KaraGate,2019,melt,72,0.3015,54
KaraGate,2019,melt,168,0.9097,54
KaraGate,2019,freeze-up,6,0.0,53
KaraGate,2019,freeze-up,12,0.0,53
KaraGate,2019,freeze-up,24,0.3783,53
KaraGate,2019,freeze-up,48,0.4215,53
KaraGate,2019,freeze-up,72,0.4655,53
KaraGate,2019,freeze-up,168,0.9675,53
KaraGate,2020,winter,6,0.0,60
KaraGate,2020,winter,12,0.0,60
KaraGate,2020,winter,24,0.4043,60
KaraGate,2020,winter,48,0.5354,60
KaraGate,2020,winter,72,0.7238,60
KaraGate,2020,winter,168,0.989,60
KaraGate,2020,shoulder,6,0.0,32
KaraGate,2020,shoulder,12,0.0,32
KaraGate,2020,shoulder,24,0.2608,32
KaraGate,2020,shoulder,48,0.4238,32
KaraGate,2020,shoulder,72,0.5233,32
KaraGate,2020,shoulder,168,0.9673,32
KaraGate,2020,melt,6,0.0,58
KaraGate,2020,melt,12,0.0,58
KaraGate,2020,melt,24,0.2363,58
KaraGate,2020,melt,48,0.3667,58
KaraGate,2020,melt,72,0.4331,58
KaraGate,2020,melt,168,0.9836,58
KaraGate,2020,freeze-up,6,0.0,59
KaraGate,2020,freeze-up,12,0.0,59
KaraGate,2020,freeze-up,24,0.3783,59
KaraGate,2020,freeze-up,48,0.5512,59
KaraGate,2020,freeze-up,72,0.6831,59
KaraGate,2020,freeze-up,168,0.9891,59
KaraGate,2021,winter,6,0.0,58
KaraGate,2021,winter,12,0.0,58
KaraGate,2021,winter,24,0.3756,58
KaraGate,2021,winter,48,0.5303,58
KaraGate,2021,winter,72,0.7433,58
KaraGate,2021,winter,168,0.9779,58
KaraGate,2021,shoulder,6,0.0,29
KaraGate,2021,shoulder,12,0.0,29
KaraGate,2021,shoulder,24,0.2608,29
KaraGate,2021,shoulder,48,0.3586,29
KaraGate,2021,shoulder,72,0.4249,29
KaraGate,2021,shoulder,168,0.8852,29
KaraGate,2021,melt,6,0.0,60
KaraGate,2021,melt,12,0.0,60
KaraGate,2021,melt,24,0.2363,60
KaraGate,2021,melt,48,0.383,60
KaraGate,2021,melt,72,0.4904,60
KaraGate,2021,melt,168,0.9918,60
KaraGate,2021,freeze-up,6,0.0,54
KaraGate,2021,freeze-up,12,0.0,54
KaraGate,2021,freeze-up,24,0.335,54
KaraGate,2021,freeze-up,48,0.4431,54
KaraGate,2021,freeze-up,72,0.6399,54
KaraGate,2021,freeze-up,168,0.9675,54
KaraGate,2022,winter,6,0.0,30
KaraGate,2022,winter,12,0.0,30
KaraGate,2022,winter,24,0.0,30
KaraGate,2022,winter,48,0.3314,30
KaraGate,2022,winter,72,0.3314,30
KaraGate,2022,winter,168,0.9333,30
KaraGate,2022,shoulder,6,0.0,16
KaraGate,2022,shoulder,12,0.0,16
KaraGate,2022,shoulder,24,0.0,16
KaraGate,2022,shoulder,48,0.2282,16
KaraGate,2022,shoulder,72,0.2282,16
KaraGate,2022,shoulder,168,0.6228,16
KaraGate,2022,melt,6,0.0,21
KaraGate,2022,melt,12,0.0,21
KaraGate,2022,melt,24,0.0,21
KaraGate,2022,melt,48,0.1141,21
KaraGate,2022,melt,72,0.1141,21
KaraGate,2022,melt,168,0.4423,21
KaraGate,2022,freeze-up,6,0.0,25
KaraGate,2022,freeze-up,12,0.0,25
KaraGate,2022,freeze-up,24,0.0,25
KaraGate,2022,freeze-up,48,0.2378,25
KaraGate,2022,freeze-up,72,0.2378,25
KaraGate,2022,freeze-up,168,0.8586,25
KaraGate,2023,winter,6,0.0,22
KaraGate,2023,winter,12,0.0,22
KaraGate,2023,winter,24,0.0,22
KaraGate,2023,winter,48,0.1547,22
KaraGate,2023,winter,72,0.1547,22
KaraGate,2023,winter,168,0.9554,22
KaraGate,2023,shoulder,6,0.0,12
KaraGate,2023,shoulder,12,0.0,12
KaraGate,2023,shoulder,24,0.0,12
KaraGate,2023,shoulder,48,0.1304,12
KaraGate,2023,shoulder,72,0.1304,12
KaraGate,2023,shoulder,168,0.5081,12
KaraGate,2023,melt,6,0.0,23
KaraGate,2023,melt,12,0.0,23
KaraGate,2023,melt,24,0.0,23
KaraGate,2023,melt,48,0.1304,23
KaraGate,2023,melt,72,0.1304,23
KaraGate,2023,melt,168,0.4834,23
KaraGate,2023,freeze-up,6,0.0,23
KaraGate,2023,freeze-up,12,0.0,23
KaraGate,2023,freeze-up,24,0.0,23
KaraGate,2023,freeze-up,48,0.1945,23
KaraGate,2023,freeze-up,72,0.1945,23
KaraGate,2023,freeze-up,168,0.8258,23
KaraGate,2024,winter,6,0.0,21
KaraGate,2024,winter,12,0.0,21
KaraGate,2024,winter,24,0.0,21
KaraGate,2024,winter,48,0.153,21
KaraGate,2024,winter,72,0.153,21
KaraGate,2024,winter,168,0.8131,21
KaraGate,2024,shoulder,6,0.0,15
KaraGate,2024,shoulder,12,0.0,15
KaraGate,2024,shoulder,24,0.0,15
KaraGate,2024,shoulder,48,0.2282,15
KaraGate,2024,shoulder,72,0.2282,15
KaraGate,2024,shoulder,168,0.6228,15
KaraGate,2024,melt,6,0.0,26
KaraGate,2024,melt,12,0.0,26
KaraGate,2024,melt,24,0.0,26
KaraGate,2024,melt,48,0.1793,26
KaraGate,2024,melt,72,0.1793,26
KaraGate,2024,melt,168,0.4749,26
KaraGate,2024,freeze-up,6,0.0,30
KaraGate,2024,freeze-up,12,0.0,30
KaraGate,2024,freeze-up,24,0.0,30
KaraGate,2024,freeze-up,48,0.3026,30
KaraGate,2024,freeze-up,72,0.3026,30
KaraGate,2024,freeze-up,168,0.9675,30
KaraGate,2025,winter,6,0.0,29
KaraGate,2025,winter,12,0.0,29
KaraGate,2025,winter,24,0.0,29
KaraGate,2025,winter,48,0.3093,29
KaraGate,2025,winter,72,0.3093,29
KaraGate,2025,winter,168,0.9554,29
KaraGate,2025,shoulder,6,0.0,15
KaraGate,2025,shoulder,12,0.0,15
KaraGate,2025,shoulder,24,0.0,15
KaraGate,2025,shoulder,48,0.1956,15
KaraGate,2025,shoulder,72,0.1956,15
KaraGate,2025,shoulder,168,0.7374,15
KaraGate,2025,melt,6,0.0,42
KaraGate,2025,melt,12,0.0,42
KaraGate,2025,melt,24,0.0897,42
KaraGate,2025,melt,48,0.2853,42
KaraGate,2025,melt,72,0.3516,42
KaraGate,2025,melt,168,0.7051,42
KaraGate,2025,freeze-up,6,0.0,52
KaraGate,2025,freeze-up,12,0.0,52
KaraGate,2025,freeze-up,24,0.1946,52
KaraGate,2025,freeze-up,48,0.5837,52
KaraGate,2025,freeze-up,72,0.7595,52
KaraGate,2025,freeze-up,168,0.9891,52
KaraGate,2026,winter,6,0.0,50
KaraGate,2026,winter,12,0.0,50
KaraGate,2026,winter,24,0.21,50
KaraGate,2026,winter,48,0.5635,50
KaraGate,2026,winter,72,0.6983,50
KaraGate,2026,winter,168,0.9665,50
KaraGate,2026,shoulder,6,0.0004,35
KaraGate,2026,shoulder,12,0.0004,35
KaraGate,2026,shoulder,24,0.1309,35
KaraGate,2026,shoulder,48,0.4242,35
KaraGate,2026,shoulder,72,0.6386,35
KaraGate,2026,shoulder,168,0.9837,35
KaraGate,2026,melt,6,0.0002,38
KaraGate,2026,melt,12,0.0002,38
KaraGate,2026,melt,24,0.0823,38
KaraGate,2026,melt,48,0.2666,38
KaraGate,2026,melt,72,0.3589,38
KaraGate,2026,melt,168,0.8658,38
LancasterSound,2016,winter,6,0.0024,49
LancasterSound,2016,winter,12,0.0024,49
LancasterSound,2016,winter,24,0.1218,49
LancasterSound,2016,winter,48,0.3405,49
LancasterSound,2016,winter,72,0.3723,49
LancasterSound,2016,winter,168,0.9668,49
LancasterSound,2016,shoulder,6,0.0,31
LancasterSound,2016,shoulder,12,0.0,31
LancasterSound,2016,shoulder,24,0.0891,31
LancasterSound,2016,shoulder,48,0.3926,31
LancasterSound,2016,shoulder,72,0.3926,31
LancasterSound,2016,shoulder,168,0.9659,31
LancasterSound,2016,melt,6,0.0012,55
LancasterSound,2016,melt,12,0.0045,55
LancasterSound,2016,melt,24,0.092,55
LancasterSound,2016,melt,48,0.2932,55
LancasterSound,2016,melt,72,0.3522,55
LancasterSound,2016,melt,168,0.8608,55
LancasterSound,2016,freeze-up,6,0.0022,54
LancasterSound,2016,freeze-up,12,0.0198,54
LancasterSound,2016,freeze-up,24,0.1367,54
LancasterSound,2016,freeze-up,48,0.3292,54
LancasterSound,2016,freeze-up,72,0.6576,54
LancasterSound,2016,freeze-up,168,0.9837,54
LancasterSound,2017,winter,6,0.0045,76
LancasterSound,2017,winter,12,0.0698,76
LancasterSound,2017,winter,24,0.3323,76
LancasterSound,2017,winter,48,0.5386,76
LancasterSound,2017,winter,72,0.6936,76
LancasterSound,2017,winter,168,0.989,76
LancasterSound,2017,shoulder,6,0.0084,77
LancasterSound,2017,shoulder,12,0.0222,77
LancasterSound,2017,shoulder,24,0.9179,77
LancasterSound,2017,shoulder,48,0.9842,77
LancasterSound,2017,shoulder,72,0.9842,77
LancasterSound,2017,shoulder,168,0.9842,77
LancasterSound,2017,melt,6,0.0056,130
LancasterSound,2017,melt,12,0.0056,130
LancasterSound,2017,melt,24,0.7877,130
LancasterSound,2017,melt,48,0.9918,130
LancasterSound,2017,melt,72,0.9918,130
LancasterSound,2017,melt,168,0.9918,130
LancasterSound,2017,freeze-up,6,0.0059,99
LancasterSound,2017,freeze-up,12,0.0059,99
LancasterSound,2017,freeze-up,24,0.7945,99
LancasterSound,2017,freeze-up,48,0.9891,99
LancasterSound,2017,freeze-up,72,0.9891,99
LancasterSound,2017,freeze-up,168,0.9891,99
LancasterSound,2018,winter,6,0.0053,98
LancasterSound,2018,winter,12,0.0429,98
LancasterSound,2018,winter,24,0.7193,98
LancasterSound,2018,winter,48,0.8895,98
LancasterSound,2018,winter,72,0.989,98
LancasterSound,2018,winter,168,0.989,98
LancasterSound,2018,shoulder,6,0.005,63
LancasterSound,2018,shoulder,12,0.005,63
LancasterSound,2018,shoulder,24,0.7874,63
LancasterSound,2018,shoulder,48,0.8852,63
LancasterSound,2018,shoulder,72,0.9342,63
LancasterSound,2018,shoulder,168,0.9836,63
LancasterSound,2018,melt,6,0.0048,126
LancasterSound,2018,melt,12,0.0048,126
LancasterSound,2018,melt,24,0.7709,126
LancasterSound,2018,melt,48,0.9507,126
LancasterSound,2018,melt,72,0.9839,126
LancasterSound,2018,melt,168,0.9839,126
LancasterSound,2018,freeze-up,6,0.0056,98
LancasterSound,2018,freeze-up,12,0.0056,98
LancasterSound,2018,freeze-up,24,0.8053,98
LancasterSound,2018,freeze-up,48,0.9566,98
LancasterSound,2018,freeze-up,72,0.9891,98
LancasterSound,2018,freeze-up,168,0.9891,98
LancasterSound,2019,winter,6,0.0057,97
LancasterSound,2019,winter,12,0.0339,97
LancasterSound,2019,winter,24,0.7218,97
LancasterSound,2019,winter,48,0.8895,97
LancasterSound,2019,winter,72,0.989,97
LancasterSound,2019,winter,168,0.989,97
LancasterSound,2019,shoulder,6,0.0056,64
LancasterSound,2019,shoulder,12,0.0056,64
LancasterSound,2019,shoulder,24,0.7554,64
LancasterSound,2019,shoulder,48,0.9836,64
LancasterSound,2019,shoulder,72,0.9836,64
LancasterSound,2019,shoulder,168,0.9836,64
LancasterSound,2019,melt,6,0.0053,131
LancasterSound,2019,melt,12,0.0053,131
LancasterSound,2019,melt,24,0.8122,131
LancasterSound,2019,melt,48,0.992,131
LancasterSound,2019,melt,72,0.992,131
LancasterSound,2019,melt,168,0.992,131
LancasterSound,2019,freeze-up,6,0.0056,98
LancasterSound,2019,freeze-up,12,0.0056,98
LancasterSound,2019,freeze-up,24,0.8053,98
LancasterSound,2019,freeze-up,48,0.9566,98
LancasterSound,2019,freeze-up,72,0.9891,98
LancasterSound,2019,freeze-up,168,0.9891,98
LancasterSound,2020,winter,6,0.0056,98
LancasterSound,2020,winter,12,0.0335,98
LancasterSound,2020,winter,24,0.7247,98
LancasterSound,2020,winter,48,0.8907,98
LancasterSound,2020,winter,72,0.989,98
LancasterSound,2020,winter,168,0.989,98
LancasterSound,2020,shoulder,6,0.0056,64
LancasterSound,2020,shoulder,12,0.0056,64
LancasterSound,2020,shoulder,24,0.7717,64
LancasterSound,2020,shoulder,48,0.9347,64
LancasterSound,2020,shoulder,72,0.9836,64
LancasterSound,2020,shoulder,168,0.9836,64
LancasterSound,2020,melt,6,0.0059,134
LancasterSound,2020,melt,12,0.0059,134
LancasterSound,2020,melt,24,0.8369,134
LancasterSound,2020,melt,48,0.992,134
LancasterSound,2020,melt,72,0.992,134
LancasterSound,2020,melt,168,0.992,134
LancasterSound,2020,freeze-up,6,0.0056,100
LancasterSound,2020,freeze-up,12,0.0056,100
LancasterSound,2020,freeze-up,24,0.8374,100
LancasterSound,2020,freeze-up,48,0.9783,100
LancasterSound,2020,freeze-up,72,0.9783,100
LancasterSound,2020,freeze-up,168,0.9783,100
LancasterSound,2021,winter,6,0.0053,90
LancasterSound,2021,winter,12,0.0053,90
LancasterSound,2021,winter,24,0.7124,90
LancasterSound,2021,winter,48,0.867,90
LancasterSound,2021,winter,72,0.989,90
LancasterSound,2021,winter,168,0.989,90
LancasterSound,2021,shoulder,6,0.0056,66
LancasterSound,2021,shoulder,12,0.0056,66
LancasterSound,2021,shoulder,24,0.8206,66
LancasterSound,2021,shoulder,48,0.9836,66
LancasterSound,2021,shoulder,72,0.9836,66
LancasterSound,2021,shoulder,168,0.9836,66
LancasterSound,2021,melt,6,0.0056,131
LancasterSound,2021,melt,12,0.0056,131
LancasterSound,2021,melt,24,0.8125,131
LancasterSound,2021,melt,48,0.9918,131
LancasterSound,2021,melt,72,0.9918,131
LancasterSound,2021,melt,168,0.9918,131
LancasterSound,2021,freeze-up,6,0.0048,92
LancasterSound,2021,freeze-up,12,0.0048,92
LancasterSound,2021,freeze-up,24,0.7289,92
LancasterSound,2021,freeze-up,48,0.9563,92
LancasterSound,2021,freeze-up,72,0.9563,92
LancasterSound,2021,freeze-up,168,0.9563,92
LancasterSound,2022,winter,6,0.0,38
LancasterSound,2022,winter,12,0.0,38
LancasterSound,2022,winter,24,0.0,38
LancasterSound,2022,winter,48,0.4884,38
LancasterSound,2022,winter,72,0.4884,38
LancasterSound,2022,winter,168,0.9669,38
LancasterSound,2022,shoulder,6,0.0,27
LancasterSound,2022,shoulder,12,0.0,27
LancasterSound,2022,shoulder,24,0.0,27
LancasterSound,2022,shoulder,48,0.5396,27
LancasterSound,2022,shoulder,72,0.5396,27
LancasterSound,2022,shoulder,168,0.951,27
LancasterSound,2022,melt,6,0.0,55
LancasterSound,2022,melt,12,0.0,55
LancasterSound,2022,melt,24,0.0,55
LancasterSound,2022,melt,48,0.5801,55
LancasterSound,2022,melt,72,0.5801,55
LancasterSound,2022,melt,168,0.9836,55
LancasterSound,2022,freeze-up,6,0.0,43
LancasterSound,2022,freeze-up,12,0.0,43
LancasterSound,2022,freeze-up,24,0.0,43
LancasterSound,2022,freeze-up,48,0.6619,43
LancasterSound,2022,freeze-up,72,0.6619,43
LancasterSound,2022,freeze-up,168,0.9786,43
LancasterSound,2023,winter,6,0.0,40
LancasterSound,2023,winter,12,0.0,40
LancasterSound,2023,winter,24,0.0,40
LancasterSound,2023,winter,48,0.544,40
LancasterSound,2023,winter,72,0.544,40
LancasterSound,2023,winter,168,0.9775,40
LancasterSound,2023,shoulder,6,0.0,28
LancasterSound,2023,shoulder,12,0.0,28
LancasterSound,2023,shoulder,24,0.0,28
LancasterSound,2023,shoulder,48,0.6374,28
LancasterSound,2023,shoulder,72,0.6374,28
LancasterSound,2023,shoulder,168,0.9342,28
LancasterSound,2023,melt,6,0.0,53
LancasterSound,2023,melt,12,0.0,53
LancasterSound,2023,melt,24,0.0,53
LancasterSound,2023,melt,48,0.5553,53
LancasterSound,2023,melt,72,0.5553,53
LancasterSound,2023,melt,168,0.9836,53
LancasterSound,2023,freeze-up,6,0.0,44
LancasterSound,2023,freeze-up,12,0.0,44
LancasterSound,2023,freeze-up,24,0.0,44
LancasterSound,2023,freeze-up,48,0.6619,44
LancasterSound,2023,freeze-up,72,0.6619,44
LancasterSound,2023,freeze-up,168,0.9675,44
LancasterSound,2024,winter,6,0.0,43
LancasterSound,2024,winter,12,0.0,43
LancasterSound,2024,winter,24,0.0,43
LancasterSound,2024,winter,48,0.6367,43
LancasterSound,2024,winter,72,0.6367,43
LancasterSound,2024,winter,168,0.9562,43
LancasterSound,2024,shoulder,6,0.0,27
LancasterSound,2024,shoulder,12,0.0,27
LancasterSound,2024,shoulder,24,0.0,27
LancasterSound,2024,shoulder,48,0.6048,27
LancasterSound,2024,shoulder,72,0.6048,27
LancasterSound,2024,shoulder,168,0.9342,27
LancasterSound,2024,melt,6,0.0,55
LancasterSound,2024,melt,12,0.0,55
LancasterSound,2024,melt,24,0.0,55
LancasterSound,2024,melt,48,0.5964,55
LancasterSound,2024,melt,72,0.5964,55
LancasterSound,2024,melt,168,0.9836,55
LancasterSound,2024,freeze-up,6,0.0,45
LancasterSound,2024,freeze-up,12,0.0,45
LancasterSound,2024,freeze-up,24,0.0,45
LancasterSound,2024,freeze-up,48,0.6835,45
LancasterSound,2024,freeze-up,72,0.6835,45
LancasterSound,2024,freeze-up,168,0.9891,45
LancasterSound,2025,winter,6,0.0,45
LancasterSound,2025,winter,12,0.0,45
LancasterSound,2025,winter,24,0.0552,45
LancasterSound,2025,winter,48,0.6213,45
LancasterSound,2025,winter,72,0.6213,45
LancasterSound,2025,winter,168,0.9886,45
LancasterSound,2025,shoulder,6,0.005,63
LancasterSound,2025,shoulder,12,0.005,63
LancasterSound,2025,shoulder,24,0.7222,63
LancasterSound,2025,shoulder,48,0.9842,63
LancasterSound,2025,shoulder,72,0.9842,63
LancasterSound,2025,shoulder,168,0.9842,63
LancasterSound,2025,melt,6,0.0031,118
LancasterSound,2025,melt,12,0.0031,118
LancasterSound,2025,melt,24,0.7121,118
LancasterSound,2025,melt,48,0.9016,118
LancasterSound,2025,melt,72,0.9836,118
LancasterSound,2025,melt,168,0.9836,118
LancasterSound,2025,freeze-up,6,0.006,101
LancasterSound,2025,freeze-up,12,0.006,101
LancasterSound,2025,freeze-up,24,0.8269,101
LancasterSound,2025,freeze-up,48,0.9891,101
LancasterSound,2025,freeze-up,72,0.9891,101
LancasterSound,2025,freeze-up,168,0.9891,101
LancasterSound,2026,winter,6,0.0049,78
LancasterSound,2026,winter,12,0.0098,78
LancasterSound,2026,winter,24,0.5021,78
LancasterSound,2026,winter,48,0.7566,78
LancasterSound,2026,winter,72,0.8229,78
LancasterSound,2026,winter,168,0.989,78
LancasterSound,2026,shoulder,6,0.0077,87
LancasterSound,2026,shoulder,12,0.0077,87
LancasterSound,2026,shoulder,24,0.8202,87
LancasterSound,2026,shoulder,48,0.9674,87
LancasterSound,2026,shoulder,72,0.9674,87
LancasterSound,2026,shoulder,168,0.9674,87
LancasterSound,2026,melt,6,0.006,111
LancasterSound,2026,melt,12,0.006,111
LancasterSound,2026,melt,24,0.7123,111
LancasterSound,2026,melt,48,0.9591,111
LancasterSound,2026,melt,72,0.9898,111
LancasterSound,2026,melt,168,0.9898,111
LongStrait,2016,winter,6,0.0,8
LongStrait,2016,winter,12,0.0,8
LongStrait,2016,winter,24,0.0,8
LongStrait,2016,winter,48,0.0,8
LongStrait,2016,winter,72,0.0,8
LongStrait,2016,winter,168,0.0,8
LongStrait,2016,shoulder,6,0.0,5
LongStrait,2016,shoulder,12,0.0,5
LongStrait,2016,shoulder,24,0.0,5
LongStrait,2016,shoulder,48,0.0,5
LongStrait,2016,shoulder,72,0.0,5
LongStrait,2016,shoulder,168,0.0,5
LongStrait,2016,melt,6,0.0,10
LongStrait,2016,melt,12,0.0,10
LongStrait,2016,melt,24,0.0081,10
LongStrait,2016,melt,48,0.0081,10
LongStrait,2016,melt,72,0.0081,10
LongStrait,2016,melt,168,0.0081,10
LongStrait,2016,freeze-up,6,0.0,23
LongStrait,2016,freeze-up,12,0.0095,23
LongStrait,2016,freeze-up,24,0.0756,23
LongStrait,2016,freeze-up,48,0.0756,23
LongStrait,2016,freeze-up,72,0.0756,23
LongStrait,2016,freeze-up,168,0.7934,23
LongStrait,2017,winter,6,0.0,38
LongStrait,2017,winter,12,0.034,38
LongStrait,2017,winter,24,0.0994,38
LongStrait,2017,winter,48,0.2258,38
LongStrait,2017,winter,72,0.3157,38
LongStrait,2017,winter,168,0.9779,38
LongStrait,2017,shoulder,6,0.0,31
LongStrait,2017,shoulder,12,0.0,31
LongStrait,2017,shoulder,24,0.1141,31
LongStrait,2017,shoulder,48,0.5379,31
LongStrait,2017,shoulder,72,0.8521,31
LongStrait,2017,shoulder,168,0.8521,31
LongStrait,2017,melt,6,0.0,30
LongStrait,2017,melt,12,0.0,30
LongStrait,2017,melt,24,0.0,30
LongStrait,2017,melt,48,0.3097,30
LongStrait,2017,melt,72,0.3097,30
LongStrait,2017,melt,168,0.3097,30
LongStrait,2017,freeze-up,6,0.0,20
LongStrait,2017,freeze-up,12,0.0,20
LongStrait,2017,freeze-up,24,0.0,20
LongStrait,2017,freeze-up,48,0.2594,20
LongStrait,2017,freeze-up,72,0.2594,20
LongStrait,2017,freeze-up,168,0.2594,20
LongStrait,2018,winter,6,0.0,23
LongStrait,2018,winter,12,0.0,23
LongStrait,2018,winter,24,0.0,23
LongStrait,2018,winter,48,0.3314,23
LongStrait,2018,winter,72,0.3314,23
LongStrait,2018,winter,168,0.3314,23
LongStrait,2018,shoulder,6,0.0,16
LongStrait,2018,shoulder,12,0.0,16
LongStrait,2018,shoulder,24,0.0,16
LongStrait,2018,shoulder,48,0.326,16
LongStrait,2018,shoulder,72,0.3592,16
LongStrait,2018,shoulder,168,0.3592,16
LongStrait,2018,melt,6,0.0,24
LongStrait,2018,melt,12,0.0,24
LongStrait,2018,melt,24,0.0,24
LongStrait,2018,melt,48,0.2282,24
LongStrait,2018,melt,72,0.2282,24
LongStrait,2018,melt,168,0.2282,24
LongStrait,2018,freeze-up,6,0.0,35
LongStrait,2018,freeze-up,12,0.0,35
LongStrait,2018,freeze-up,24,0.0865,35
LongStrait,2018,freeze-up,48,0.3675,35
LongStrait,2018,freeze-up,72,0.4554,35
LongStrait,2018,freeze-up,168,0.7819,35
LongStrait,2019,winter,6,0.0,41
LongStrait,2019,winter,12,0.0,41
LongStrait,2019,winter,24,0.1547,41
LongStrait,2019,winter,48,0.4198,41
LongStrait,2019,winter,72,0.5097,41
LongStrait,2019,winter,168,0.9554,41
LongStrait,2019,shoulder,6,0.0,23
LongStrait,2019,shoulder,12,0.0,23
LongStrait,2019,shoulder,24,0.0978,23
LongStrait,2019,shoulder,48,0.3586,23
LongStrait,2019,shoulder,72,0.4581,23
LongStrait,2019,shoulder,168,0.6554,23
LongStrait,2019,melt,6,0.0,37
LongStrait,2019,melt,12,0.0,37
LongStrait,2019,melt,24,0.0815,37
LongStrait,2019,melt,48,0.2608,37
LongStrait,2019,melt,72,0.3271,37
LongStrait,2019,melt,168,0.557,37
LongStrait,2019,freeze-up,6,0.0,37
LongStrait,2019,freeze-up,12,0.0,37
LongStrait,2019,freeze-up,24,0.1513,37
LongStrait,2019,freeze-up,48,0.3026,37
LongStrait,2019,freeze-up,72,0.3026,37
LongStrait,2019,freeze-up,168,0.9567,37
LongStrait,2020,winter,6,0.0,37
LongStrait,2020,winter,12,0.0,37
LongStrait,2020,winter,24,0.153,37
LongStrait,2020,winter,48,0.3497,37
LongStrait,2020,winter,72,0.3497,37
LongStrait,2020,winter,168,0.8786,37
LongStrait,2020,shoulder,6,0.0,13
LongStrait,2020,shoulder,12,0.0,13
LongStrait,2020,shoulder,24,0.0,13
LongStrait,2020,shoulder,48,0.2608,13
LongStrait,2020,shoulder,72,0.2608,13
LongStrait,2020,shoulder,168,0.2608,13
LongStrait,2020,melt,6,0.0,26
LongStrait,2020,melt,12,0.0,26
LongStrait,2020,melt,24,0.0,26
LongStrait,2020,melt,48,0.2445,26
LongStrait,2020,melt,72,0.2611,26
LongStrait,2020,melt,168,0.3103,26
LongStrait,2020,freeze-up,6,0.0,30
LongStrait,2020,freeze-up,12,0.0,30
LongStrait,2020,freeze-up,24,0.0,30
LongStrait,2020,freeze-up,48,0.3459,30
LongStrait,2020,freeze-up,72,0.4778,30
LongStrait,2020,freeze-up,168,0.8691,30
LongStrait,2021,winter,6,0.0,31
LongStrait,2021,winter,12,0.0,31
LongStrait,2021,winter,24,0.0442,31
LongStrait,2021,winter,48,0.3093,31
LongStrait,2021,winter,72,0.4667,31
LongStrait,2021,winter,168,0.9333,31
LongStrait,2021,shoulder,6,0.0,19
LongStrait,2021,shoulder,12,0.0,19
LongStrait,2021,shoulder,24,0.0978,19
LongStrait,2021,shoulder,48,0.2608,19
LongStrait,2021,shoulder,72,0.3603,19
LongStrait,2021,shoulder,168,0.6554,19
LongStrait,2021,melt,6,0.0,36
LongStrait,2021,melt,12,0.0,36
LongStrait,2021,melt,24,0.0734,36
LongStrait,2021,melt,48,0.2527,36
LongStrait,2021,melt,72,0.3356,36
LongStrait,2021,melt,168,0.5815,36
LongStrait,2021,freeze-up,6,0.0,32
LongStrait,2021,freeze-up,12,0.0,32
LongStrait,2021,freeze-up,24,0.0973,32
LongStrait,2021,freeze-up,48,0.2486,32
LongStrait,2021,freeze-up,72,0.4025,32
LongStrait,2021,freeze-up,168,0.8482,32
LongStrait,2022,winter,6,0.0,13
LongStrait,2022,winter,12,0.0,13
LongStrait,2022,winter,24,0.0,13
LongStrait,2022,winter,48,0.0,13
LongStrait,2022,winter,72,0.0,13
LongStrait,2022,winter,168,0.6667,13
LongStrait,2022,shoulder,6,0.0,6
LongStrait,2022,shoulder,12,0.0,6
LongStrait,2022,shoulder,24,0.0,6
LongStrait,2022,shoulder,48,0.0,6
LongStrait,2022,shoulder,72,0.0,6
LongStrait,2022,shoulder,168,0.5081,6
LongStrait,2022,melt,6,0.0,10
LongStrait,2022,melt,12,0.0,10
LongStrait,2022,melt,24,0.0,10
LongStrait,2022,melt,48,0.0,10
LongStrait,2022,melt,72,0.0,10
LongStrait,2022,melt,168,0.4345,10
LongStrait,2022,freeze-up,6,0.0,15
LongStrait,2022,freeze-up,12,0.0,15
LongStrait,2022,freeze-up,24,0.0,15
LongStrait,2022,freeze-up,48,0.0,15
LongStrait,2022,freeze-up,72,0.0,15
LongStrait,2022,freeze-up,168,0.9131,15
LongStrait,2023,winter,6,0.0,15
LongStrait,2023,winter,12,0.0,15
LongStrait,2023,winter,24,0.0,15
LongStrait,2023,winter,48,0.0,15
LongStrait,2023,winter,72,0.0,15
LongStrait,2023,winter,168,0.9333,15
LongStrait,2023,shoulder,6,0.0,6
LongStrait,2023,shoulder,12,0.0,6
LongStrait,2023,shoulder,24,0.0,6
LongStrait,2023,shoulder,48,0.0,6
LongStrait,2023,shoulder,72,0.0,6
LongStrait,2023,shoulder,168,0.4755,6
LongStrait,2023,melt,6,0.0,9
LongStrait,2023,melt,12,0.0,9
LongStrait,2023,melt,24,0.0,9
LongStrait,2023,melt,48,0.0163,9
LongStrait,2023,melt,72,0.0163,9
LongStrait,2023,melt,168,0.2951,9
LongStrait,2023,freeze-up,6,0.0,14
LongStrait,2023,freeze-up,12,0.0,14
LongStrait,2023,freeze-up,24,0.0,14
LongStrait,2023,freeze-up,48,0.0,14
LongStrait,2023,freeze-up,72,0.0,14
LongStrait,2023,freeze-up,168,0.7066,14
LongStrait,2024,winter,6,0.0,13
LongStrait,2024,winter,12,0.0,13
LongStrait,2024,winter,24,0.0,13
LongStrait,2024,winter,48,0.0,13
LongStrait,2024,winter,72,0.0,13
LongStrait,2024,winter,168,0.6593,13
LongStrait,2024,shoulder,6,0.0,6
LongStrait,2024,shoulder,12,0.0,6
LongStrait,2024,shoulder,24,0.0,6
LongStrait,2024,shoulder,48,0.0,6
LongStrait,2024,shoulder,72,0.0,6
LongStrait,2024,shoulder,168,0.5081,6
LongStrait,2024,melt,6,0.0,9
LongStrait,2024,melt,12,0.0,9
LongStrait,2024,melt,24,0.0,9
LongStrait,2024,melt,48,0.0,9
LongStrait,2024,melt,72,0.0,9
LongStrait,2024,melt,168,0.3934,9
LongStrait,2024,freeze-up,6,0.0,14
LongStrait,2024,freeze-up,12,0.0,14
LongStrait,2024,freeze-up,24,0.0,14
LongStrait,2024,freeze-up,48,0.0,14
LongStrait,2024,freeze-up,72,0.0,14
LongStrait,2024,freeze-up,168,0.7282,14
LongStrait,2025,winter,6,0.0,15
LongStrait,2025,winter,12,0.0,15
LongStrait,2025,winter,24,0.0,15
LongStrait,2025,winter,48,0.0,15
LongStrait,2025,winter,72,0.0,15
LongStrait,2025,winter,168,0.9333,15
LongStrait,2025,shoulder,6,0.0,20
LongStrait,2025,shoulder,12,0.0,20
LongStrait,2025,shoulder,24,0.0978,20
LongStrait,2025,shoulder,48,0.1956,20
LongStrait,2025,shoulder,72,0.3266,20
LongStrait,2025,shoulder,168,0.7048,20
LongStrait,2025,melt,6,0.0,33
LongStrait,2025,melt,12,0.0,33
LongStrait,2025,melt,24,0.057,33
LongStrait,2025,melt,48,0.2364,33
LongStrait,2025,melt,72,0.3193,33
LongStrait,2025,melt,168,0.5241,33
LongStrait,2025,freeze-up,6,0.0,47
LongStrait,2025,freeze-up,12,0.0,47
LongStrait,2025,freeze-up,24,0.1729,47
LongStrait,2025,freeze-up,48,0.4539,47
LongStrait,2025,freeze-up,72,0.6623,47
LongStrait,2025,freeze-up,168,0.9783,47
LongStrait,2026,winter,6,0.0,37
LongStrait,2026,winter,12,0.0,37
LongStrait,2026,winter,24,0.0994,37
LongStrait,2026,winter,48,0.3646,37
LongStrait,2026,winter,72,0.477,37
LongStrait,2026,winter,168,0.8891,37
LongStrait,2026,shoulder,6,0.0002,35
LongStrait,2026,shoulder,12,0.0002,35
LongStrait,2026,shoulder,24,0.1789,35
LongStrait,2026,shoulder,48,0.4737,35
LongStrait,2026,shoulder,72,0.54,35
LongStrait,2026,shoulder,168,0.7535,35
LongStrait,2026,melt,6,0.0,42
LongStrait,2026,melt,12,0.0,42
LongStrait,2026,melt,24,0.0102,42
LongStrait,2026,melt,48,0.4819,42
LongStrait,2026,melt,72,0.7321,42
LongStrait,2026,melt,168,0.8142,42
Sannikov_DmLaptev,2016,winter,6,0.0,13
Sannikov_DmLaptev,2016,winter,12,0.0,13
Sannikov_DmLaptev,2016,winter,24,0.0,13
Sannikov_DmLaptev,2016,winter,48,0.1093,13
Sannikov_DmLaptev,2016,winter,72,0.1093,13
Sannikov_DmLaptev,2016,winter,168,0.1093,13
Sannikov_DmLaptev,2016,shoulder,6,0.0,5
Sannikov_DmLaptev,2016,shoulder,12,0.0,5
Sannikov_DmLaptev,2016,shoulder,24,0.0,5
Sannikov_DmLaptev,2016,shoulder,48,0.0652,5
Sannikov_DmLaptev,2016,shoulder,72,0.0652,5
Sannikov_DmLaptev,2016,shoulder,168,0.0652,5
Sannikov_DmLaptev,2016,melt,6,0.0,29
Sannikov_DmLaptev,2016,melt,12,0.0,29
Sannikov_DmLaptev,2016,melt,24,0.0,29
Sannikov_DmLaptev,2016,melt,48,0.2378,29
Sannikov_DmLaptev,2016,melt,72,0.2378,29
Sannikov_DmLaptev,2016,melt,168,0.4423,29
Sannikov_DmLaptev,2016,freeze-up,6,0.0,36
Sannikov_DmLaptev,2016,freeze-up,12,0.0,36
Sannikov_DmLaptev,2016,freeze-up,24,0.0756,36
Sannikov_DmLaptev,2016,freeze-up,48,0.4125,36
Sannikov_DmLaptev,2016,freeze-up,72,0.4785,36
Sannikov_DmLaptev,2016,freeze-up,168,0.935,36
Sannikov_DmLaptev,2017,winter,6,0.0,41
Sannikov_DmLaptev,2017,winter,12,0.0,41
Sannikov_DmLaptev,2017,winter,24,0.1436,41
Sannikov_DmLaptev,2017,winter,48,0.4895,41
Sannikov_DmLaptev,2017,winter,72,0.5226,41
Sannikov_DmLaptev,2017,winter,168,0.7669,41
Sannikov_DmLaptev,2017,shoulder,6,0.0017,51
Sannikov_DmLaptev,2017,shoulder,12,0.0017,51
Sannikov_DmLaptev,2017,shoulder,24,0.5233,51
Sannikov_DmLaptev,2017,shoulder,48,0.7391,51
Sannikov_DmLaptev,2017,shoulder,72,0.9836,51
Sannikov_DmLaptev,2017,shoulder,168,0.9836,51
Sannikov_DmLaptev,2017,melt,6,0.0014,84
Sannikov_DmLaptev,2017,melt,12,0.0014,84
Sannikov_DmLaptev,2017,melt,24,0.2704,84
Sannikov_DmLaptev,2017,melt,48,0.7228,84
Sannikov_DmLaptev,2017,melt,72,0.9184,84
Sannikov_DmLaptev,2017,melt,168,0.9839,84
Sannikov_DmLaptev,2017,freeze-up,6,0.0,60
Sannikov_DmLaptev,2017,freeze-up,12,0.0,60
Sannikov_DmLaptev,2017,freeze-up,24,0.2378,60
Sannikov_DmLaptev,2017,freeze-up,48,0.7185,60
Sannikov_DmLaptev,2017,freeze-up,72,0.9675,60
Sannikov_DmLaptev,2017,freeze-up,168,0.9675,60
Sannikov_DmLaptev,2018,winter,6,0.0,55
Sannikov_DmLaptev,2018,winter,12,0.0,55
Sannikov_DmLaptev,2018,winter,24,0.1879,55
Sannikov_DmLaptev,2018,winter,48,0.5795,55
Sannikov_DmLaptev,2018,winter,72,0.989,55
Sannikov_DmLaptev,2018,winter,168,0.989,55
Sannikov_DmLaptev,2018,shoulder,6,0.0,19
Sannikov_DmLaptev,2018,shoulder,12,0.0,19
Sannikov_DmLaptev,2018,shoulder,24,0.0163,19
Sannikov_DmLaptev,2018,shoulder,48,0.0826,19
Sannikov_DmLaptev,2018,shoulder,72,0.3761,19
Sannikov_DmLaptev,2018,shoulder,168,0.9673,19
Sannikov_DmLaptev,2018,melt,6,0.0,37
Sannikov_DmLaptev,2018,melt,12,0.0,37
Sannikov_DmLaptev,2018,melt,24,0.0815,37
Sannikov_DmLaptev,2018,melt,48,0.1467,37
Sannikov_DmLaptev,2018,melt,72,0.1957,37
Sannikov_DmLaptev,2018,melt,168,0.9836,37
Sannikov_DmLaptev,2018,freeze-up,6,0.0,55
Sannikov_DmLaptev,2018,freeze-up,12,0.0,55
Sannikov_DmLaptev,2018,freeze-up,24,0.2054,55
Sannikov_DmLaptev,2018,freeze-up,48,0.6101,55
Sannikov_DmLaptev,2018,freeze-up,72,0.8695,55
Sannikov_DmLaptev,2018,freeze-up,168,0.9567,55
Sannikov_DmLaptev,2019,winter,6,0.0,53
Sannikov_DmLaptev,2019,winter,12,0.0,53
Sannikov_DmLaptev,2019,winter,24,0.1768,53
Sannikov_DmLaptev,2019,winter,48,0.5463,53
Sannikov_DmLaptev,2019,winter,72,0.9333,53
Sannikov_DmLaptev,2019,winter,168,0.9779,53
Sannikov_DmLaptev,2019,shoulder,6,0.0,28
Sannikov_DmLaptev,2019,shoulder,12,0.0,28
Sannikov_DmLaptev,2019,shoulder,24,0.1141,28
Sannikov_DmLaptev,2019,shoulder,48,0.2962,28
Sannikov_DmLaptev,2019,shoulder,72,0.7206,28
Sannikov_DmLaptev,2019,shoulder,168,0.9179,28
Sannikov_DmLaptev,2019,melt,6,0.0,41
Sannikov_DmLaptev,2019,melt,12,0.0,41
Sannikov_DmLaptev,2019,melt,24,0.0652,41
Sannikov_DmLaptev,2019,melt,48,0.1962,41
Sannikov_DmLaptev,2019,melt,72,0.4109,41
Sannikov_DmLaptev,2019,melt,168,0.9918,41
Sannikov_DmLaptev,2019,freeze-up,6,0.0,27
Sannikov_DmLaptev,2019,freeze-up,12,0.0,27
Sannikov_DmLaptev,2019,freeze-up,24,0.0757,27
Sannikov_DmLaptev,2019,freeze-up,48,0.142,27
Sannikov_DmLaptev,2019,freeze-up,72,0.1744,27
Sannikov_DmLaptev,2019,freeze-up,168,0.8695,27
Sannikov_DmLaptev,2020,winter,6,0.0,29
Sannikov_DmLaptev,2020,winter,12,0.0,29
Sannikov_DmLaptev,2020,winter,24,0.0765,29
Sannikov_DmLaptev,2020,winter,48,0.1978,29
Sannikov_DmLaptev,2020,winter,72,0.2306,29
Sannikov_DmLaptev,2020,winter,168,0.9453,29
Sannikov_DmLaptev,2020,shoulder,6,0.0,19
Sannikov_DmLaptev,2020,shoulder,12,0.0,19
Sannikov_DmLaptev,2020,shoulder,24,0.0652,19
Sannikov_DmLaptev,2020,shoulder,48,0.181,19
Sannikov_DmLaptev,2020,shoulder,72,0.181,19
Sannikov_DmLaptev,2020,shoulder,168,0.9016,19
Sannikov_DmLaptev,2020,melt,6,0.0,39
Sannikov_DmLaptev,2020,melt,12,0.0,39
Sannikov_DmLaptev,2020,melt,24,0.0326,39
Sannikov_DmLaptev,2020,melt,48,0.1804,39
Sannikov_DmLaptev,2020,melt,72,0.3611,39
Sannikov_DmLaptev,2020,melt,168,0.82,39
Sannikov_DmLaptev,2020,freeze-up,6,0.0,26
Sannikov_DmLaptev,2020,freeze-up,12,0.0,26
Sannikov_DmLaptev,2020,freeze-up,24,0.0,26
Sannikov_DmLaptev,2020,freeze-up,48,0.1081,26
Sannikov_DmLaptev,2020,freeze-up,72,0.3917,26
Sannikov_DmLaptev,2020,freeze-up,168,0.783,26
Sannikov_DmLaptev,2021,winter,6,0.0,22
Sannikov_DmLaptev,2021,winter,12,0.0,22
Sannikov_DmLaptev,2021,winter,24,0.0,22
Sannikov_DmLaptev,2021,winter,48,0.0335,22
Sannikov_DmLaptev,2021,winter,72,0.256,22
Sannikov_DmLaptev,2021,winter,168,0.8442,22
Sannikov_DmLaptev,2021,shoulder,6,0.0,20
Sannikov_DmLaptev,2021,shoulder,12,0.0,20
Sannikov_DmLaptev,2021,shoulder,24,0.0,20
Sannikov_DmLaptev,2021,shoulder,48,0.1326,20
Sannikov_DmLaptev,2021,shoulder,72,0.4277,20
Sannikov_DmLaptev,2021,shoulder,168,0.8037,20
Sannikov_DmLaptev,2021,melt,6,0.0,36
Sannikov_DmLaptev,2021,melt,12,0.0,36
Sannikov_DmLaptev,2021,melt,24,0.0082,36
Sannikov_DmLaptev,2021,melt,48,0.0913,36
Sannikov_DmLaptev,2021,melt,72,0.3043,36
Sannikov_DmLaptev,2021,melt,168,0.7217,36
Sannikov_DmLaptev,2021,freeze-up,6,0.0,27
Sannikov_DmLaptev,2021,freeze-up,12,0.0,27
Sannikov_DmLaptev,2021,freeze-up,24,0.0,27
Sannikov_DmLaptev,2021,freeze-up,48,0.0991,27
Sannikov_DmLaptev,2021,freeze-up,72,0.2728,27
Sannikov_DmLaptev,2021,freeze-up,168,0.9347,27
Sannikov_DmLaptev,2022,winter,6,0.0,14
Sannikov_DmLaptev,2022,winter,12,0.0,14
Sannikov_DmLaptev,2022,winter,24,0.0,14
Sannikov_DmLaptev,2022,winter,48,0.0457,14
Sannikov_DmLaptev,2022,winter,72,0.0457,14
Sannikov_DmLaptev,2022,winter,168,0.4228,14
Sannikov_DmLaptev,2022,shoulder,6,0.0,8
Sannikov_DmLaptev,2022,shoulder,12,0.0,8
Sannikov_DmLaptev,2022,shoulder,24,0.0,8
Sannikov_DmLaptev,2022,shoulder,48,0.0337,8
Sannikov_DmLaptev,2022,shoulder,72,0.0337,8
Sannikov_DmLaptev,2022,shoulder,168,0.2788,8
Sannikov_DmLaptev,2022,melt,6,0.0,17
Sannikov_DmLaptev,2022,melt,12,0.0,17
Sannikov_DmLaptev,2022,melt,24,0.0,17
Sannikov_DmLaptev,2022,melt,48,0.0253,17
Sannikov_DmLaptev,2022,melt,72,0.0253,17
Sannikov_DmLaptev,2022,melt,168,0.3114,17
Sannikov_DmLaptev,2022,freeze-up,6,0.0,4
Sannikov_DmLaptev,2022,freeze-up,12,0.0,4
Sannikov_DmLaptev,2022,freeze-up,24,0.0,4
Sannikov_DmLaptev,2022,freeze-up,48,0.0,4
Sannikov_DmLaptev,2022,freeze-up,72,0.0,4
Sannikov_DmLaptev,2022,freeze-up,168,0.0,4
Sannikov_DmLaptev,2023,winter,6,0.0,4
Sannikov_DmLaptev,2023,winter,12,0.0,4
Sannikov_DmLaptev,2023,winter,24,0.0,4
Sannikov_DmLaptev,2023,winter,48,0.0,4
Sannikov_DmLaptev,2023,winter,72,0.0,4
Sannikov_DmLaptev,2023,winter,168,0.0,4
Sannikov_DmLaptev,2023,shoulder,6,0.0,6
Sannikov_DmLaptev,2023,shoulder,12,0.0,6
Sannikov_DmLaptev,2023,shoulder,24,0.0,6
Sannikov_DmLaptev,2023,shoulder,48,0.0,6
Sannikov_DmLaptev,2023,shoulder,72,0.0,6
Sannikov_DmLaptev,2023,shoulder,168,0.1799,6
Sannikov_DmLaptev,2023,melt,6,0.0,15
Sannikov_DmLaptev,2023,melt,12,0.0,15
Sannikov_DmLaptev,2023,melt,24,0.0,15
Sannikov_DmLaptev,2023,melt,48,0.0084,15
Sannikov_DmLaptev,2023,melt,72,0.0084,15
Sannikov_DmLaptev,2023,melt,168,0.1962,15
Sannikov_DmLaptev,2023,freeze-up,6,0.0,5
Sannikov_DmLaptev,2023,freeze-up,12,0.0,5
Sannikov_DmLaptev,2023,freeze-up,24,0.0,5
Sannikov_DmLaptev,2023,freeze-up,48,0.0,5
Sannikov_DmLaptev,2023,freeze-up,72,0.0,5
Sannikov_DmLaptev,2023,freeze-up,168,0.0,5
Sannikov_DmLaptev,2024,winter,6,0.0,3
Sannikov_DmLaptev,2024,winter,12,0.0,3
Sannikov_DmLaptev,2024,winter,24,0.0,3
Sannikov_DmLaptev,2024,winter,48,0.0,3
Sannikov_DmLaptev,2024,winter,72,0.0,3
Sannikov_DmLaptev,2024,winter,168,0.0,3
Sannikov_DmLaptev,2024,shoulder,6,0.0,8
Sannikov_DmLaptev,2024,shoulder,12,0.0,8
Sannikov_DmLaptev,2024,shoulder,24,0.0,8
Sannikov_DmLaptev,2024,shoulder,48,0.0506,8
Sannikov_DmLaptev,2024,shoulder,72,0.0506,8
Sannikov_DmLaptev,2024,shoulder,168,0.1158,8
Sannikov_DmLaptev,2024,melt,6,0.0,14
Sannikov_DmLaptev,2024,melt,12,0.0,14
Sannikov_DmLaptev,2024,melt,24,0.0,14
Sannikov_DmLaptev,2024,melt,48,0.0169,14
Sannikov_DmLaptev,2024,melt,72,0.0169,14
Sannikov_DmLaptev,2024,melt,168,0.2046,14
Sannikov_DmLaptev,2024,freeze-up,6,0.0,17
Sannikov_DmLaptev,2024,freeze-up,12,0.0,17
Sannikov_DmLaptev,2024,freeze-up,24,0.0,17
Sannikov_DmLaptev,2024,freeze-up,48,0.0671,17
Sannikov_DmLaptev,2024,freeze-up,72,0.0671,17
Sannikov_DmLaptev,2024,freeze-up,168,0.4248,17
Sannikov_DmLaptev,2025,winter,6,0.0,15
Sannikov_DmLaptev,2025,winter,12,0.0,15
Sannikov_DmLaptev,2025,winter,24,0.0,15
Sannikov_DmLaptev,2025,winter,48,0.0686,15
Sannikov_DmLaptev,2025,winter,72,0.0686,15
Sannikov_DmLaptev,2025,winter,168,0.1905,15
Sannikov_DmLaptev,2025,shoulder,6,0.0,17
Sannikov_DmLaptev,2025,shoulder,12,0.0,17
Sannikov_DmLaptev,2025,shoulder,24,0.0,17
Sannikov_DmLaptev,2025,shoulder,48,0.0506,17
Sannikov_DmLaptev,2025,shoulder,72,0.344,17
Sannikov_DmLaptev,2025,shoulder,168,0.8038,17
Sannikov_DmLaptev,2025,melt,6,0.0,33
Sannikov_DmLaptev,2025,melt,12,0.0,33
Sannikov_DmLaptev,2025,melt,24,0.0081,33
Sannikov_DmLaptev,2025,melt,48,0.0419,33
Sannikov_DmLaptev,2025,melt,72,0.2864,33
Sannikov_DmLaptev,2025,melt,168,0.8366,33
Sannikov_DmLaptev,2025,freeze-up,6,0.0,25
Sannikov_DmLaptev,2025,freeze-up,12,0.0,25
Sannikov_DmLaptev,2025,freeze-up,24,0.0,25
Sannikov_DmLaptev,2025,freeze-up,48,0.0671,25
Sannikov_DmLaptev,2025,freeze-up,72,0.3913,25
Sannikov_DmLaptev,2025,freeze-up,168,0.7394,25
Sannikov_DmLaptev,2026,winter,6,0.0,18
Sannikov_DmLaptev,2026,winter,12,0.0,18
Sannikov_DmLaptev,2026,winter,24,0.0,18
Sannikov_DmLaptev,2026,winter,48,0.0686,18
Sannikov_DmLaptev,2026,winter,72,0.2011,18
Sannikov_DmLaptev,2026,winter,168,0.2567,18
Sannikov_DmLaptev,2026,shoulder,6,0.0,15
Sannikov_DmLaptev,2026,shoulder,12,0.0,15
Sannikov_DmLaptev,2026,shoulder,24,0.0,15
Sannikov_DmLaptev,2026,shoulder,48,0.0656,15
Sannikov_DmLaptev,2026,shoulder,72,0.1634,15
Sannikov_DmLaptev,2026,shoulder,168,0.6391,15
Sannikov_DmLaptev,2026,melt,6,0.0,15
Sannikov_DmLaptev,2026,melt,12,0.0,15
Sannikov_DmLaptev,2026,melt,24,0.0205,15
Sannikov_DmLaptev,2026,melt,48,0.0205,15
Sannikov_DmLaptev,2026,melt,72,0.0205,15
Sannikov_DmLaptev,2026,melt,168,0.567,15
VictoriaStrait,2016,winter,6,0.0,7
VictoriaStrait,2016,winter,12,0.0,7
VictoriaStrait,2016,winter,24,0.0,7
VictoriaStrait,2016,winter,48,0.0,7
VictoriaStrait,2016,winter,72,0.0,7
VictoriaStrait,2016,winter,168,0.0,7
VictoriaStrait,2016,shoulder,6,0.0,5
VictoriaStrait,2016,shoulder,12,0.0,5
VictoriaStrait,2016,shoulder,24,0.0,5
VictoriaStrait,2016,shoulder,48,0.0,5
VictoriaStrait,2016,shoulder,72,0.0,5
VictoriaStrait,2016,shoulder,168,0.0,5
VictoriaStrait,2016,melt,6,0.0,7
VictoriaStrait,2016,melt,12,0.0,7
VictoriaStrait,2016,melt,24,0.0,7
VictoriaStrait,2016,melt,48,0.0,7
VictoriaStrait,2016,melt,72,0.0,7
VictoriaStrait,2016,melt,168,0.0948,7
VictoriaStrait,2016,freeze-up,6,0.0,34
VictoriaStrait,2016,freeze-up,12,0.0095,34
VictoriaStrait,2016,freeze-up,24,0.0709,34
VictoriaStrait,2016,freeze-up,48,0.2438,34
VictoriaStrait,2016,freeze-up,72,0.3026,34
VictoriaStrait,2016,freeze-up,168,0.8367,34
VictoriaStrait,2017,winter,6,0.0,40
VictoriaStrait,2017,winter,12,0.0049,40
VictoriaStrait,2017,winter,24,0.1485,40
VictoriaStrait,2017,winter,48,0.2934,40
VictoriaStrait,2017,winter,72,0.4541,40
VictoriaStrait,2017,winter,168,0.989,40
VictoriaStrait,2017,shoulder,6,0.0,43
VictoriaStrait,2017,shoulder,12,0.0,43
VictoriaStrait,2017,shoulder,24,0.4401,43
VictoriaStrait,2017,shoulder,48,0.6031,43
VictoriaStrait,2017,shoulder,72,0.8352,43
VictoriaStrait,2017,shoulder,168,0.9836,43
VictoriaStrait,2017,melt,6,0.0,79
VictoriaStrait,2017,melt,12,0.0,79
VictoriaStrait,2017,melt,24,0.375,79
VictoriaStrait,2017,melt,48,0.5706,79
VictoriaStrait,2017,melt,72,0.7363,79
VictoriaStrait,2017,melt,168,0.9836,79
VictoriaStrait,2017,freeze-up,6,0.0,58
VictoriaStrait,2017,freeze-up,12,0.0,58
VictoriaStrait,2017,freeze-up,24,0.3783,58
VictoriaStrait,2017,freeze-up,48,0.5296,58
VictoriaStrait,2017,freeze-up,72,0.6615,58
VictoriaStrait,2017,freeze-up,168,0.9783,58
VictoriaStrait,2018,winter,6,0.0,55
VictoriaStrait,2018,winter,12,0.0,55
VictoriaStrait,2018,winter,24,0.2983,55
VictoriaStrait,2018,winter,48,0.5635,55
VictoriaStrait,2018,winter,72,0.7208,55
VictoriaStrait,2018,winter,168,0.989,55
VictoriaStrait,2018,shoulder,6,0.0,38
VictoriaStrait,2018,shoulder,12,0.0,38
VictoriaStrait,2018,shoulder,24,0.3424,38
VictoriaStrait,2018,shoulder,48,0.538,38
VictoriaStrait,2018,shoulder,72,0.6706,38
VictoriaStrait,2018,shoulder,168,0.9836,38
VictoriaStrait,2018,melt,6,0.0,66
VictoriaStrait,2018,melt,12,0.0,66
VictoriaStrait,2018,melt,24,0.2445,66
VictoriaStrait,2018,melt,48,0.489,66
VictoriaStrait,2018,melt,72,0.5553,66
VictoriaStrait,2018,melt,168,0.9836,66
VictoriaStrait,2018,freeze-up,6,0.0,60
VictoriaStrait,2018,freeze-up,12,0.0,60
VictoriaStrait,2018,freeze-up,24,0.3891,60
VictoriaStrait,2018,freeze-up,48,0.5621,60
VictoriaStrait,2018,freeze-up,72,0.7379,60
VictoriaStrait,2018,freeze-up,168,0.9675,60
VictoriaStrait,2019,winter,6,0.0,58
VictoriaStrait,2019,winter,12,0.0,58
VictoriaStrait,2019,winter,24,0.3978,58
VictoriaStrait,2019,winter,48,0.5304,58
VictoriaStrait,2019,winter,72,0.6652,58
VictoriaStrait,2019,winter,168,0.989,58
VictoriaStrait,2019,shoulder,6,0.0,35
VictoriaStrait,2019,shoulder,12,0.0,35
VictoriaStrait,2019,shoulder,24,0.2771,35
VictoriaStrait,2019,shoulder,48,0.5053,35
VictoriaStrait,2019,shoulder,72,0.6048,35
VictoriaStrait,2019,shoulder,168,0.9673,35
VictoriaStrait,2019,melt,6,0.0,72
VictoriaStrait,2019,melt,12,0.0,72
VictoriaStrait,2019,melt,24,0.2934,72
VictoriaStrait,2019,melt,48,0.5464,72
VictoriaStrait,2019,melt,72,0.5961,72
VictoriaStrait,2019,melt,168,0.9918,72
VictoriaStrait,2019,freeze-up,6,0.0,60
VictoriaStrait,2019,freeze-up,12,0.0,60
VictoriaStrait,2019,freeze-up,24,0.3999,60
VictoriaStrait,2019,freeze-up,48,0.5729,60
VictoriaStrait,2019,freeze-up,72,0.7267,60
VictoriaStrait,2019,freeze-up,168,0.9563,60
VictoriaStrait,2020,winter,6,0.0,61
VictoriaStrait,2020,winter,12,0.0,61
VictoriaStrait,2020,winter,24,0.4153,61
VictoriaStrait,2020,winter,48,0.5682,61
VictoriaStrait,2020,winter,72,0.746,61
VictoriaStrait,2020,winter,168,0.9781,61
VictoriaStrait,2020,shoulder,6,0.0,37
VictoriaStrait,2020,shoulder,12,0.0,37
VictoriaStrait,2020,shoulder,24,0.3097,37
VictoriaStrait,2020,shoulder,48,0.5379,37
VictoriaStrait,2020,shoulder,72,0.6374,37
VictoriaStrait,2020,shoulder,168,0.9836,37
VictoriaStrait,2020,melt,6,0.0,72
VictoriaStrait,2020,melt,12,0.0,72
VictoriaStrait,2020,melt,24,0.2934,72
VictoriaStrait,2020,melt,48,0.5379,72
VictoriaStrait,2020,melt,72,0.6208,72
VictoriaStrait,2020,melt,168,0.9918,72
VictoriaStrait,2020,freeze-up,6,0.0,61
VictoriaStrait,2020,freeze-up,12,0.0,61
VictoriaStrait,2020,freeze-up,24,0.4108,61
VictoriaStrait,2020,freeze-up,48,0.5621,61
VictoriaStrait,2020,freeze-up,72,0.7379,61
VictoriaStrait,2020,freeze-up,168,0.9675,61
VictoriaStrait,2021,winter,6,0.0,56
VictoriaStrait,2021,winter,12,0.0,56
VictoriaStrait,2021,winter,24,0.3757,56
VictoriaStrait,2021,winter,48,0.5304,56
VictoriaStrait,2021,winter,72,0.6652,56
VictoriaStrait,2021,winter,168,0.9554,56
VictoriaStrait,2021,shoulder,6,0.0,37
VictoriaStrait,2021,shoulder,12,0.0,37
VictoriaStrait,2021,shoulder,24,0.3097,37
VictoriaStrait,2021,shoulder,48,0.5379,37
VictoriaStrait,2021,shoulder,72,0.6374,37
VictoriaStrait,2021,shoulder,168,0.9836,37
VictoriaStrait,2021,melt,6,0.0,69
VictoriaStrait,2021,melt,12,0.0,69
VictoriaStrait,2021,melt,24,0.269,69
VictoriaStrait,2021,melt,48,0.4972,69
VictoriaStrait,2021,melt,72,0.5879,69
VictoriaStrait,2021,melt,168,0.9836,69
VictoriaStrait,2021,freeze-up,6,0.0,54
VictoriaStrait,2021,freeze-up,12,0.0,54
VictoriaStrait,2021,freeze-up,24,0.3027,54
VictoriaStrait,2021,freeze-up,48,0.4972,54
VictoriaStrait,2021,freeze-up,72,0.6835,54
VictoriaStrait,2021,freeze-up,168,0.9675,54
VictoriaStrait,2022,winter,6,0.0,21
VictoriaStrait,2022,winter,12,0.0,21
VictoriaStrait,2022,winter,24,0.0,21
VictoriaStrait,2022,winter,48,0.1326,21
VictoriaStrait,2022,winter,72,0.1326,21
VictoriaStrait,2022,winter,168,0.9554,21
VictoriaStrait,2022,shoulder,6,0.0,9
VictoriaStrait,2022,shoulder,12,0.0,9
VictoriaStrait,2022,shoulder,24,0.0,9
VictoriaStrait,2022,shoulder,48,0.0978,9
VictoriaStrait,2022,shoulder,72,0.0978,9
VictoriaStrait,2022,shoulder,168,0.5081,9
VictoriaStrait,2022,melt,6,0.0,12
VictoriaStrait,2022,melt,12,0.0,12
VictoriaStrait,2022,melt,24,0.0,12
VictoriaStrait,2022,melt,48,0.0489,12
VictoriaStrait,2022,melt,72,0.0489,12
VictoriaStrait,2022,melt,168,0.3934,12
VictoriaStrait,2022,freeze-up,6,0.0,24
VictoriaStrait,2022,freeze-up,12,0.0,24
VictoriaStrait,2022,freeze-up,24,0.0,24
VictoriaStrait,2022,freeze-up,48,0.173,24
VictoriaStrait,2022,freeze-up,72,0.173,24
VictoriaStrait,2022,freeze-up,168,0.9891,24
VictoriaStrait,2023,winter,6,0.0,22
VictoriaStrait,2023,winter,12,0.0,22
VictoriaStrait,2023,winter,24,0.0,22
VictoriaStrait,2023,winter,48,0.1547,22
VictoriaStrait,2023,winter,72,0.1547,22
VictoriaStrait,2023,winter,168,0.9333,22
VictoriaStrait,2023,shoulder,6,0.0,11
VictoriaStrait,2023,shoulder,12,0.0,11
VictoriaStrait,2023,shoulder,24,0.0,11
VictoriaStrait,2023,shoulder,48,0.0978,11
VictoriaStrait,2023,shoulder,72,0.0978,11
VictoriaStrait,2023,shoulder,168,0.5081,11
VictoriaStrait,2023,melt,6,0.0,18
VictoriaStrait,2023,melt,12,0.0,18
VictoriaStrait,2023,melt,24,0.0,18
VictoriaStrait,2023,melt,48,0.0652,18
VictoriaStrait,2023,melt,72,0.0652,18
VictoriaStrait,2023,melt,168,0.3934,18
VictoriaStrait,2023,freeze-up,6,0.0,24
VictoriaStrait,2023,freeze-up,12,0.0,24
VictoriaStrait,2023,freeze-up,24,0.0,24
VictoriaStrait,2023,freeze-up,48,0.173,24
VictoriaStrait,2023,freeze-up,72,0.173,24
VictoriaStrait,2023,freeze-up,168,0.9891,24
VictoriaStrait,2024,winter,6,0.0,23
VictoriaStrait,2024,winter,12,0.0,23
VictoriaStrait,2024,winter,24,0.0,23
VictoriaStrait,2024,winter,48,0.1748,23
VictoriaStrait,2024,winter,72,0.1748,23
VictoriaStrait,2024,winter,168,0.9449,23
VictoriaStrait,2024,shoulder,6,0.0,10
VictoriaStrait,2024,shoulder,12,0.0,10
VictoriaStrait,2024,shoulder,24,0.0,10
VictoriaStrait,2024,shoulder,48,0.0978,10
VictoriaStrait,2024,shoulder,72,0.0978,10
VictoriaStrait,2024,shoulder,168,0.5902,10
VictoriaStrait,2024,melt,6,0.0,19
VictoriaStrait,2024,melt,12,0.0,19
VictoriaStrait,2024,melt,24,0.0,19
VictoriaStrait,2024,melt,48,0.0815,19
VictoriaStrait,2024,melt,72,0.0815,19
VictoriaStrait,2024,melt,168,0.4508,19
VictoriaStrait,2024,freeze-up,6,0.0,22
VictoriaStrait,2024,freeze-up,12,0.0,22
VictoriaStrait,2024,freeze-up,24,0.0,22
VictoriaStrait,2024,freeze-up,48,0.1297,22
VictoriaStrait,2024,freeze-up,72,0.1297,22
VictoriaStrait,2024,freeze-up,168,0.9675,22
VictoriaStrait,2025,winter,6,0.0,23
VictoriaStrait,2025,winter,12,0.0,23
VictoriaStrait,2025,winter,24,0.0,23
VictoriaStrait,2025,winter,48,0.1326,23
VictoriaStrait,2025,winter,72,0.1882,23
VictoriaStrait,2025,winter,168,0.989,23
VictoriaStrait,2025,shoulder,6,0.0,36
VictoriaStrait,2025,shoulder,12,0.0,36
VictoriaStrait,2025,shoulder,24,0.3098,36
VictoriaStrait,2025,shoulder,48,0.4963,36
VictoriaStrait,2025,shoulder,72,0.5957,36
VictoriaStrait,2025,shoulder,168,0.9836,36
VictoriaStrait,2025,melt,6,0.0,68
VictoriaStrait,2025,melt,12,0.0108,68
VictoriaStrait,2025,melt,24,0.2175,68
VictoriaStrait,2025,melt,48,0.4646,68
VictoriaStrait,2025,melt,72,0.5554,68
VictoriaStrait,2025,melt,168,0.9507,68
VictoriaStrait,2025,freeze-up,6,0.0,69
VictoriaStrait,2025,freeze-up,12,0.0381,69
VictoriaStrait,2025,freeze-up,24,0.3892,69
VictoriaStrait,2025,freeze-up,48,0.5949,69
VictoriaStrait,2025,freeze-up,72,0.7487,69
VictoriaStrait,2025,freeze-up,168,0.9891,69
VictoriaStrait,2026,winter,6,0.0,55
VictoriaStrait,2026,winter,12,0.0194,55
VictoriaStrait,2026,winter,24,0.2749,55
VictoriaStrait,2026,winter,48,0.4862,55
VictoriaStrait,2026,winter,72,0.6541,55
VictoriaStrait,2026,winter,168,0.989,55
VictoriaStrait,2026,shoulder,6,0.0009,66
VictoriaStrait,2026,shoulder,12,0.0511,66
VictoriaStrait,2026,shoulder,24,0.4799,66
VictoriaStrait,2026,shoulder,48,0.6273,66
VictoriaStrait,2026,shoulder,72,0.892,66
VictoriaStrait,2026,shoulder,168,0.9909,66
VictoriaStrait,2026,melt,6,0.0004,74
VictoriaStrait,2026,melt,12,0.023,74
VictoriaStrait,2026,melt,24,0.3386,74
VictoriaStrait,2026,melt,48,0.5641,74
VictoriaStrait,2026,melt,72,0.71,74
VictoriaStrait,2026,melt,168,0.9898,74
Vilkitsky,2016,winter,6,0.0,48
Vilkitsky,2016,winter,12,0.0,48
Vilkitsky,2016,winter,24,0.0136,48
Vilkitsky,2016,winter,48,0.7573,48
Vilkitsky,2016,winter,72,0.7573,48
Vilkitsky,2016,winter,168,0.9781,48
Vilkitsky,2016,shoulder,6,0.0,30
Vilkitsky,2016,shoulder,12,0.0,30
Vilkitsky,2016,shoulder,24,0.0,30
Vilkitsky,2016,shoulder,48,0.7037,30
Vilkitsky,2016,shoulder,72,0.7037,30
Vilkitsky,2016,shoulder,168,0.951,30
Vilkitsky,2016,melt,6,0.0003,56
Vilkitsky,2016,melt,12,0.0003,56
Vilkitsky,2016,melt,24,0.0326,56
Vilkitsky,2016,melt,48,0.597,56
Vilkitsky,2016,melt,72,0.597,56
Vilkitsky,2016,melt,168,0.8934,56
Vilkitsky,2016,freeze-up,6,0.0072,69
Vilkitsky,2016,freeze-up,12,0.0072,69
Vilkitsky,2016,freeze-up,24,0.1249,69
Vilkitsky,2016,freeze-up,48,0.6623,69
Vilkitsky,2016,freeze-up,72,0.8683,69
Vilkitsky,2016,freeze-up,168,0.9995,69
Vilkitsky,2017,winter,6,0.0031,53
Vilkitsky,2017,winter,12,0.0031,53
Vilkitsky,2017,winter,24,0.1577,53
Vilkitsky,2017,winter,48,0.4347,53
Vilkitsky,2017,winter,72,0.7886,53
Vilkitsky,2017,winter,168,0.989,53
Vilkitsky,2017,shoulder,6,0.0045,55
Vilkitsky,2017,shoulder,12,0.0045,55
Vilkitsky,2017,shoulder,24,0.4913,55
Vilkitsky,2017,shoulder,48,0.8847,55
Vilkitsky,2017,shoulder,72,0.9668,55
Vilkitsky,2017,shoulder,168,0.9668,55
Vilkitsky,2017,melt,6,0.0017,87
Vilkitsky,2017,melt,12,0.0017,87
Vilkitsky,2017,melt,24,0.3507,87
Vilkitsky,2017,melt,48,0.6481,87
Vilkitsky,2017,melt,72,0.7624,87
Vilkitsky,2017,melt,168,0.9673,87
Vilkitsky,2017,freeze-up,6,0.0011,62
Vilkitsky,2017,freeze-up,12,0.0011,62
Vilkitsky,2017,freeze-up,24,0.2813,62
Vilkitsky,2017,freeze-up,48,0.6413,62
Vilkitsky,2017,freeze-up,72,0.8694,62
Vilkitsky,2017,freeze-up,168,0.9783,62
Vilkitsky,2018,winter,6,0.0019,62
Vilkitsky,2018,winter,12,0.0019,62
Vilkitsky,2018,winter,24,0.2864,62
Vilkitsky,2018,winter,48,0.5104,62
Vilkitsky,2018,winter,72,0.8442,62
Vilkitsky,2018,winter,168,0.989,62
Vilkitsky,2018,shoulder,6,0.0,31
Vilkitsky,2018,shoulder,12,0.0,31
Vilkitsky,2018,shoulder,24,0.1282,31
Vilkitsky,2018,shoulder,48,0.3271,31
Vilkitsky,2018,shoulder,72,0.5087,31
Vilkitsky,2018,shoulder,168,0.9836,31
Vilkitsky,2018,melt,6,0.0,43
Vilkitsky,2018,melt,12,0.0,43
Vilkitsky,2018,melt,24,0.0554,43
Vilkitsky,2018,melt,48,0.1869,43
Vilkitsky,2018,melt,72,0.2279,43
Vilkitsky,2018,melt,168,0.9673,43
Vilkitsky,2018,freeze-up,6,0.0,43
Vilkitsky,2018,freeze-up,12,0.0,43
Vilkitsky,2018,freeze-up,24,0.0634,43
Vilkitsky,2018,freeze-up,48,0.3801,43
Vilkitsky,2018,freeze-up,72,0.6731,43
Vilkitsky,2018,freeze-up,168,0.9563,43
Vilkitsky,2019,winter,6,0.0,42
Vilkitsky,2019,winter,12,0.0,42
Vilkitsky,2019,winter,24,0.1082,42
Vilkitsky,2019,winter,48,0.288,42
Vilkitsky,2019,winter,72,0.5874,42
Vilkitsky,2019,winter,168,0.9665,42
Vilkitsky,2019,shoulder,6,0.0,18
Vilkitsky,2019,shoulder,12,0.0,18
Vilkitsky,2019,shoulder,24,0.0472,18
Vilkitsky,2019,shoulder,48,0.0641,18
Vilkitsky,2019,shoulder,72,0.2108,18
Vilkitsky,2019,shoulder,168,0.7869,18
Vilkitsky,2019,melt,6,0.0,19
Vilkitsky,2019,melt,12,0.0,19
Vilkitsky,2019,melt,24,0.0163,19
Vilkitsky,2019,melt,48,0.0652,19
Vilkitsky,2019,melt,72,0.0897,19
Vilkitsky,2019,melt,168,0.2456,19
Vilkitsky,2019,freeze-up,6,0.0,18
Vilkitsky,2019,freeze-up,12,0.0,18
Vilkitsky,2019,freeze-up,24,0.0,18
Vilkitsky,2019,freeze-up,48,0.0,18
Vilkitsky,2019,freeze-up,72,0.2594,18
Vilkitsky,2019,freeze-up,168,0.4554,18
Vilkitsky,2020,winter,6,0.0004,19
Vilkitsky,2020,winter,12,0.0004,19
Vilkitsky,2020,winter,24,0.0004,19
Vilkitsky,2020,winter,48,0.0878,19
Vilkitsky,2020,winter,72,0.2845,19
Vilkitsky,2020,winter,168,0.3391,19
Vilkitsky,2020,shoulder,6,0.0,10
Vilkitsky,2020,shoulder,12,0.0,10
Vilkitsky,2020,shoulder,24,0.0,10
Vilkitsky,2020,shoulder,48,0.0326,10
Vilkitsky,2020,shoulder,72,0.1793,10
Vilkitsky,2020,shoulder,168,0.1793,10
Vilkitsky,2020,melt,6,0.0003,44
Vilkitsky,2020,melt,12,0.0003,44
Vilkitsky,2020,melt,24,0.0649,44
Vilkitsky,2020,melt,48,0.1717,44
Vilkitsky,2020,melt,72,0.3437,44
Vilkitsky,2020,melt,168,0.91,44
Vilkitsky,2020,freeze-up,6,0.0019,38
Vilkitsky,2020,freeze-up,12,0.0019,38
Vilkitsky,2020,freeze-up,24,0.0876,38
Vilkitsky,2020,freeze-up,48,0.174,38
Vilkitsky,2020,freeze-up,72,0.4345,38
Vilkitsky,2020,freeze-up,168,0.859,38
Vilkitsky,2021,winter,6,0.0019,45
Vilkitsky,2021,winter,12,0.0019,45
Vilkitsky,2021,winter,24,0.1558,45
Vilkitsky,2021,winter,48,0.2221,45
Vilkitsky,2021,winter,72,0.544,45
Vilkitsky,2021,winter,168,0.9779,45
Vilkitsky,2021,shoulder,6,0.0017,27
Vilkitsky,2021,shoulder,12,0.0017,27
Vilkitsky,2021,shoulder,24,0.0995,27
Vilkitsky,2021,shoulder,48,0.2299,27
Vilkitsky,2021,shoulder,72,0.4918,27
Vilkitsky,2021,shoulder,168,0.9184,27
Vilkitsky,2021,melt,6,0.0017,41
Vilkitsky,2021,melt,12,0.0017,41
Vilkitsky,2021,melt,24,0.0419,41
Vilkitsky,2021,melt,48,0.0582,41
Vilkitsky,2021,melt,72,0.3027,41
Vilkitsky,2021,melt,168,0.8276,41
Vilkitsky,2021,freeze-up,6,0.0019,34
Vilkitsky,2021,freeze-up,12,0.0019,34
Vilkitsky,2021,freeze-up,24,0.0771,34
Vilkitsky,2021,freeze-up,48,0.1315,34
Vilkitsky,2021,freeze-up,72,0.2936,34
Vilkitsky,2021,freeze-up,168,0.761,34
Vilkitsky,2022,winter,6,0.0,16
Vilkitsky,2022,winter,12,0.0,16
Vilkitsky,2022,winter,24,0.0107,16
Vilkitsky,2022,winter,48,0.0777,16
Vilkitsky,2022,winter,72,0.0777,16
Vilkitsky,2022,winter,168,0.3558,16
Vilkitsky,2022,shoulder,6,0.0,13
Vilkitsky,2022,shoulder,12,0.0,13
Vilkitsky,2022,shoulder,24,0.0,13
Vilkitsky,2022,shoulder,48,0.0978,13
Vilkitsky,2022,shoulder,72,0.0978,13
Vilkitsky,2022,shoulder,168,0.9342,13
Vilkitsky,2022,melt,6,0.0,20
Vilkitsky,2022,melt,12,0.0,20
Vilkitsky,2022,melt,24,0.0,20
Vilkitsky,2022,melt,48,0.0326,20
Vilkitsky,2022,melt,72,0.0326,20
Vilkitsky,2022,melt,168,0.5902,20
Vilkitsky,2022,freeze-up,6,0.0,16
Vilkitsky,2022,freeze-up,12,0.0,16
Vilkitsky,2022,freeze-up,24,0.0,16
Vilkitsky,2022,freeze-up,48,0.0328,16
Vilkitsky,2022,freeze-up,72,0.0328,16
Vilkitsky,2022,freeze-up,168,0.8042,16
Vilkitsky,2023,winter,6,0.0,19
Vilkitsky,2023,winter,12,0.0,19
Vilkitsky,2023,winter,24,0.0,19
Vilkitsky,2023,winter,48,0.1105,19
Vilkitsky,2023,winter,72,0.1105,19
Vilkitsky,2023,winter,168,0.8221,19
Vilkitsky,2023,shoulder,6,0.0,6
Vilkitsky,2023,shoulder,12,0.0,6
Vilkitsky,2023,shoulder,24,0.0,6
Vilkitsky,2023,shoulder,48,0.0652,6
Vilkitsky,2023,shoulder,72,0.0652,6
Vilkitsky,2023,shoulder,168,0.2293,6
Vilkitsky,2023,melt,6,0.0,7
Vilkitsky,2023,melt,12,0.0,7
Vilkitsky,2023,melt,24,0.0,7
Vilkitsky,2023,melt,48,0.0,7
Vilkitsky,2023,melt,72,0.0,7
Vilkitsky,2023,melt,168,0.0658,7
Vilkitsky,2023,freeze-up,6,0.0,11
Vilkitsky,2023,freeze-up,12,0.0,11
Vilkitsky,2023,freeze-up,24,0.0,11
Vilkitsky,2023,freeze-up,48,0.0,11
Vilkitsky,2023,freeze-up,72,0.0,11
Vilkitsky,2023,freeze-up,168,0.2072,11
Vilkitsky,2024,winter,6,0.0,14
Vilkitsky,2024,winter,12,0.0,14
Vilkitsky,2024,winter,24,0.0,14
Vilkitsky,2024,winter,48,0.0437,14
Vilkitsky,2024,winter,72,0.0437,14
Vilkitsky,2024,winter,168,0.4619,14
Vilkitsky,2024,shoulder,6,0.0,10
Vilkitsky,2024,shoulder,12,0.0,10
Vilkitsky,2024,shoulder,24,0.0,10
Vilkitsky,2024,shoulder,48,0.0978,10
Vilkitsky,2024,shoulder,72,0.0978,10
Vilkitsky,2024,shoulder,168,0.5902,10
Vilkitsky,2024,melt,6,0.0,11
Vilkitsky,2024,melt,12,0.0,11
Vilkitsky,2024,melt,24,0.0,11
Vilkitsky,2024,melt,48,0.0489,11
Vilkitsky,2024,melt,72,0.0489,11
Vilkitsky,2024,melt,168,0.3114,11
Vilkitsky,2024,freeze-up,6,0.0,23
Vilkitsky,2024,freeze-up,12,0.0,23
Vilkitsky,2024,freeze-up,24,0.0,23
Vilkitsky,2024,freeze-up,48,0.1513,23
Vilkitsky,2024,freeze-up,72,0.1513,23
Vilkitsky,2024,freeze-up,168,0.9891,23
Vilkitsky,2025,winter,6,0.0,21
Vilkitsky,2025,winter,12,0.0,21
Vilkitsky,2025,winter,24,0.011,21
Vilkitsky,2025,winter,48,0.0994,21
Vilkitsky,2025,winter,72,0.0994,21
Vilkitsky,2025,winter,168,0.6785,21
Vilkitsky,2025,shoulder,6,0.0011,21
Vilkitsky,2025,shoulder,12,0.0011,21
Vilkitsky,2025,shoulder,24,0.0337,21
Vilkitsky,2025,shoulder,48,0.2304,21
Vilkitsky,2025,shoulder,72,0.3771,21
Vilkitsky,2025,shoulder,168,0.6565,21
Vilkitsky,2025,melt,6,0.0008,42
Vilkitsky,2025,melt,12,0.0008,42
Vilkitsky,2025,melt,24,0.0334,42
Vilkitsky,2025,melt,48,0.2133,42
Vilkitsky,2025,melt,72,0.2622,42
Vilkitsky,2025,melt,168,0.91,42
Vilkitsky,2025,freeze-up,6,0.0022,41
Vilkitsky,2025,freeze-up,12,0.0022,41
Vilkitsky,2025,freeze-up,24,0.0563,41
Vilkitsky,2025,freeze-up,48,0.3157,41
Vilkitsky,2025,freeze-up,72,0.5426,41
Vilkitsky,2025,freeze-up,168,0.9675,41
Vilkitsky,2026,winter,6,0.0019,35
Vilkitsky,2026,winter,12,0.0019,35
Vilkitsky,2026,winter,24,0.013,35
Vilkitsky,2026,winter,48,0.2232,35
Vilkitsky,2026,winter,72,0.5547,35
Vilkitsky,2026,winter,168,0.8556,35
Vilkitsky,2026,shoulder,6,0.0032,39
Vilkitsky,2026,shoulder,12,0.0032,39
Vilkitsky,2026,shoulder,24,0.1644,39
Vilkitsky,2026,shoulder,48,0.4096,39
Vilkitsky,2026,shoulder,72,0.5074,39
Vilkitsky,2026,shoulder,168,0.9836,39
Vilkitsky,2026,melt,6,0.0027,45
Vilkitsky,2026,melt,12,0.0027,45
Vilkitsky,2026,melt,24,0.1145,45
Vilkitsky,2026,melt,48,0.238,45
Vilkitsky,2026,melt,72,0.3511,45
Vilkitsky,2026,melt,168,0.9386,45
